지역,단지명,면적구간,연월,거래건수,중앙값_만원,최저가_만원,최고가_만원
서울 강남구,논현파라곤,84.4,2026-06,1,155000.0,155000,155000
서울 강남구,논현파라곤,117.8,2021-08,1,172000.0,172000,172000
서울 강남구,논현파라곤,117.8,2025-11,1,175200.0,175200,175200
서울 강남구,논현파라곤,117.8,2026-01,1,170000.0,170000,170000
서울 강남구,논현파라곤,117.8,2026-04,1,186000.0,186000,186000
서울 강남구,논현파라곤,117.8,2026-07,1,197000.0,197000,197000
서울 강남구,논현파라곤,120.2,2020-01,1,150000.0,150000,150000
서울 강남구,논현파라곤,120.2,2024-07,1,198000.0,198000,198000
서울 강남구,논현파라곤,170.6,2021-08,1,210000.0,210000,210000
서울 강남구,도곡렉슬,59.9,2021-03,1,200000.0,200000,200000
서울 강남구,도곡렉슬,59.9,2023-05,1,184500.0,184500,184500
서울 강남구,도곡렉슬,59.9,2025-07,1,270000.0,270000,270000
서울 강남구,도곡렉슬,59.9,2026-05,1,268000.0,268000,268000
서울 강남구,도곡렉슬,60.0,2020-01,1,164800.0,164800,164800
서울 강남구,도곡렉슬,60.0,2020-02,4,163000.0,160000,185000
서울 강남구,도곡렉슬,60.0,2020-05,3,179000.0,160000,183000
서울 강남구,도곡렉슬,60.0,2020-06,7,175000.0,160000,195000
서울 강남구,도곡렉슬,60.0,2020-08,1,184000.0,184000,184000
서울 강남구,도곡렉슬,60.0,2020-09,1,218000.0,218000,218000
서울 강남구,도곡렉슬,60.0,2020-11,1,175000.0,175000,175000
서울 강남구,도곡렉슬,60.0,2020-12,2,201500.0,175000,228000
서울 강남구,도곡렉슬,60.0,2021-01,1,230000.0,230000,230000
서울 강남구,도곡렉슬,60.0,2021-02,3,190000.0,189000,232000
서울 강남구,도곡렉슬,60.0,2021-05,3,212000.0,198000,220000
서울 강남구,도곡렉슬,60.0,2021-06,1,195000.0,195000,195000
서울 강남구,도곡렉슬,60.0,2021-07,1,218000.0,218000,218000
서울 강남구,도곡렉슬,60.0,2021-09,1,205000.0,205000,205000
서울 강남구,도곡렉슬,60.0,2021-10,3,229500.0,219000,246000
서울 강남구,도곡렉슬,60.0,2022-09,1,240000.0,240000,240000
서울 강남구,도곡렉슬,60.0,2023-01,2,160000.0,160000,160000
서울 강남구,도곡렉슬,60.0,2023-02,3,162500.0,160000,164500
서울 강남구,도곡렉슬,60.0,2023-03,4,172000.0,169000,190000
서울 강남구,도곡렉슬,60.0,2023-04,3,178000.0,165000,196000
서울 강남구,도곡렉슬,60.0,2023-05,6,194750.0,175000,205000
서울 강남구,도곡렉슬,60.0,2023-06,1,194000.0,194000,194000
서울 강남구,도곡렉슬,60.0,2023-07,4,179500.0,175000,201500
서울 강남구,도곡렉슬,60.0,2023-08,5,186500.0,180000,212000
서울 강남구,도곡렉슬,60.0,2023-09,1,211000.0,211000,211000
서울 강남구,도곡렉슬,60.0,2023-10,2,198500.0,182000,215000
서울 강남구,도곡렉슬,60.0,2023-12,1,215000.0,215000,215000
서울 강남구,도곡렉슬,60.0,2024-01,1,184000.0,184000,184000
서울 강남구,도곡렉슬,60.0,2024-03,3,187500.0,183500,215000
서울 강남구,도곡렉슬,60.0,2024-04,1,220000.0,220000,220000
서울 강남구,도곡렉슬,60.0,2024-05,4,220000.0,209500,222000
서울 강남구,도곡렉슬,60.0,2024-06,9,224000.0,180000,238000
서울 강남구,도곡렉슬,60.0,2024-07,5,233000.0,195000,247000
서울 강남구,도곡렉슬,60.0,2024-08,2,202000.0,190000,214000
서울 강남구,도곡렉슬,60.0,2024-09,3,215000.0,215000,249000
서울 강남구,도곡렉슬,60.0,2024-10,3,221000.0,220000,248000
서울 강남구,도곡렉슬,60.0,2024-11,1,248000.0,248000,248000
서울 강남구,도곡렉슬,60.0,2025-01,1,265000.0,265000,265000
서울 강남구,도곡렉슬,60.0,2025-02,5,258000.0,235000,281000
서울 강남구,도곡렉슬,60.0,2025-03,9,245000.0,223000,281000
서울 강남구,도곡렉슬,60.0,2025-04,1,280000.0,280000,280000
서울 강남구,도곡렉슬,60.0,2025-05,2,265000.0,250000,280000
서울 강남구,도곡렉슬,60.0,2025-06,3,260000.0,257000,290500
서울 강남구,도곡렉슬,60.0,2025-08,2,261500.0,253000,270000
서울 강남구,도곡렉슬,60.0,2025-09,1,283000.0,283000,283000
서울 강남구,도곡렉슬,60.0,2025-10,2,303500.0,290000,317000
서울 강남구,도곡렉슬,60.0,2025-11,2,278750.0,258000,299500
서울 강남구,도곡렉슬,60.0,2026-04,5,278000.0,250000,285000
서울 강남구,도곡렉슬,60.0,2026-05,2,282500.0,281000,284000
서울 강남구,도곡렉슬,60.0,2026-06,2,279500.0,269000,290000
서울 강남구,도곡렉슬,60.0,2026-07,2,280000.0,271000,289000
서울 강남구,도곡렉슬,84.9,2020-03,2,230500.0,229000,232000
서울 강남구,도곡렉슬,84.9,2020-04,1,220000.0,220000,220000
서울 강남구,도곡렉슬,84.9,2020-06,1,243000.0,243000,243000
서울 강남구,도곡렉슬,84.9,2020-11,2,284750.0,284500,285000
서울 강남구,도곡렉슬,84.9,2020-12,1,270000.0,270000,270000
서울 강남구,도곡렉슬,84.9,2021-06,1,290000.0,290000,290000
서울 강남구,도곡렉슬,84.9,2021-07,1,287000.0,287000,287000
서울 강남구,도곡렉슬,84.9,2022-07,1,299000.0,299000,299000
서울 강남구,도곡렉슬,84.9,2022-08,1,280000.0,280000,280000
서울 강남구,도곡렉슬,84.9,2023-03,1,238000.0,238000,238000
서울 강남구,도곡렉슬,84.9,2023-04,1,250000.0,250000,250000
서울 강남구,도곡렉슬,84.9,2023-05,1,260000.0,260000,260000
서울 강남구,도곡렉슬,84.9,2023-07,1,274500.0,274500,274500
서울 강남구,도곡렉슬,84.9,2023-09,1,268000.0,268000,268000
서울 강남구,도곡렉슬,84.9,2024-03,1,274000.0,274000,274000
서울 강남구,도곡렉슬,84.9,2024-06,1,275000.0,275000,275000
서울 강남구,도곡렉슬,84.9,2024-07,3,310000.0,302500,310000
서울 강남구,도곡렉슬,84.9,2025-03,1,339000.0,339000,339000
서울 강남구,도곡렉슬,84.9,2025-10,1,377000.0,377000,377000
서울 강남구,도곡렉슬,84.9,2025-11,1,255000.0,255000,255000
서울 강남구,도곡렉슬,84.9,2026-02,2,372500.0,365000,380000
서울 강남구,도곡렉슬,84.9,2026-04,1,350000.0,350000,350000
서울 강남구,도곡렉슬,84.9,2026-05,1,359500.0,359500,359500
서울 강남구,도곡렉슬,85.0,2020-02,6,230000.0,230000,231000
서울 강남구,도곡렉슬,85.0,2020-03,1,239000.0,239000,239000
서울 강남구,도곡렉슬,85.0,2020-04,1,235500.0,235500,235500
서울 강남구,도곡렉슬,85.0,2020-05,3,230000.0,230000,235000
서울 강남구,도곡렉슬,85.0,2020-06,9,234000.0,225000,249000
서울 강남구,도곡렉슬,85.0,2020-07,1,265500.0,265500,265500
서울 강남구,도곡렉슬,85.0,2020-08,3,277500.0,275000,285000
서울 강남구,도곡렉슬,85.0,2020-10,1,288000.0,288000,288000
서울 강남구,도곡렉슬,85.0,2020-11,2,279500.0,274000,285000
서울 강남구,도곡렉슬,85.0,2021-01,2,289000.0,289000,289000
서울 강남구,도곡렉슬,85.0,2021-05,4,282500.0,279500,285500
서울 강남구,도곡렉슬,85.0,2021-06,1,288000.0,288000,288000
서울 강남구,도곡렉슬,85.0,2021-07,4,292750.0,273000,297000
서울 강남구,도곡렉슬,85.0,2021-08,2,292500.0,290000,295000
서울 강남구,도곡렉슬,85.0,2021-09,2,303500.0,287000,320000
서울 강남구,도곡렉슬,85.0,2021-10,1,288000.0,288000,288000
서울 강남구,도곡렉슬,85.0,2022-03,1,313000.0,313000,313000
서울 강남구,도곡렉슬,85.0,2022-05,1,313000.0,313000,313000
서울 강남구,도곡렉슬,85.0,2022-06,2,235000.0,160000,310000
서울 강남구,도곡렉슬,85.0,2022-07,1,315000.0,315000,315000
서울 강남구,도곡렉슬,85.0,2022-08,1,315000.0,315000,315000
서울 강남구,도곡렉슬,85.0,2022-09,1,278000.0,278000,278000
서울 강남구,도곡렉슬,85.0,2023-01,4,240000.0,235000,256000
서울 강남구,도곡렉슬,85.0,2023-02,4,247500.0,237000,255000
서울 강남구,도곡렉슬,85.0,2023-03,4,249500.0,239500,262000
서울 강남구,도곡렉슬,85.0,2023-04,6,258500.0,249000,269000
서울 강남구,도곡렉슬,85.0,2023-05,3,268000.0,264500,270000
서울 강남구,도곡렉슬,85.0,2023-06,4,273000.0,268000,275000
서울 강남구,도곡렉슬,85.0,2023-07,2,264500.0,255000,274000
서울 강남구,도곡렉슬,85.0,2023-08,2,279500.0,277000,282000
서울 강남구,도곡렉슬,85.0,2023-09,1,277000.0,277000,277000
서울 강남구,도곡렉슬,85.0,2023-11,1,283700.0,283700,283700
서울 강남구,도곡렉슬,85.0,2024-01,1,282000.0,282000,282000
서울 강남구,도곡렉슬,85.0,2024-04,6,282500.0,278000,293000
서울 강남구,도곡렉슬,85.0,2024-05,6,286500.0,281500,292000
서울 강남구,도곡렉슬,85.0,2024-06,6,295000.0,280000,309000
서울 강남구,도곡렉슬,85.0,2024-07,2,322500.0,320000,325000
서울 강남구,도곡렉슬,85.0,2024-08,2,329000.0,325000,333000
서울 강남구,도곡렉슬,85.0,2024-09,2,334500.0,330000,339000
서울 강남구,도곡렉슬,85.0,2024-11,2,339750.0,335000,344500
서울 강남구,도곡렉슬,85.0,2024-12,1,312000.0,312000,312000
서울 강남구,도곡렉슬,85.0,2025-01,1,336000.0,336000,336000
서울 강남구,도곡렉슬,85.0,2025-02,4,339000.0,330000,350000
서울 강남구,도곡렉슬,85.0,2025-03,10,339250.0,320000,357000
서울 강남구,도곡렉슬,85.0,2025-05,1,355000.0,355000,355000
서울 강남구,도곡렉슬,85.0,2025-07,1,390000.0,390000,390000
서울 강남구,도곡렉슬,85.0,2025-08,1,360000.0,360000,360000
서울 강남구,도곡렉슬,85.0,2025-09,1,387500.0,387500,387500
서울 강남구,도곡렉슬,85.0,2025-10,2,374500.0,350000,399000
서울 강남구,도곡렉슬,85.0,2025-11,1,400000.0,400000,400000
서울 강남구,도곡렉슬,85.0,2026-04,5,352000.0,295000,365000
서울 강남구,도곡렉슬,85.0,2026-05,2,353500.0,347000,360000
서울 강남구,도곡렉슬,85.0,2026-06,3,364000.0,340000,377500
서울 강남구,도곡렉슬,85.0,2026-09,2,367500.0,357000,378000
서울 강남구,도곡렉슬,115.0,2020-02,1,241000.0,241000,241000
서울 강남구,도곡렉슬,115.0,2020-05,1,290000.0,290000,290000
서울 강남구,도곡렉슬,115.0,2020-06,3,302000.0,279000,310000
서울 강남구,도곡렉슬,115.0,2020-08,1,317000.0,317000,317000
서울 강남구,도곡렉슬,115.0,2020-11,3,320000.0,315000,337000
서울 강남구,도곡렉슬,115.0,2020-12,4,320000.0,319000,330000
서울 강남구,도곡렉슬,115.0,2021-01,2,327500.0,323000,332000
서울 강남구,도곡렉슬,115.0,2021-06,1,347000.0,347000,347000
서울 강남구,도곡렉슬,115.0,2021-10,1,410000.0,410000,410000
서울 강남구,도곡렉슬,115.0,2023-01,1,315000.0,315000,315000
서울 강남구,도곡렉슬,115.0,2023-02,1,285000.0,285000,285000
서울 강남구,도곡렉슬,115.0,2023-04,2,356500.0,356000,357000
서울 강남구,도곡렉슬,115.0,2023-07,1,390000.0,390000,390000
서울 강남구,도곡렉슬,115.0,2023-08,1,357000.0,357000,357000
서울 강남구,도곡렉슬,115.0,2023-09,1,350000.0,350000,350000
서울 강남구,도곡렉슬,115.0,2023-10,1,355000.0,355000,355000
서울 강남구,도곡렉슬,115.0,2024-03,1,340000.0,340000,340000
서울 강남구,도곡렉슬,115.0,2024-04,2,345000.0,343000,347000
서울 강남구,도곡렉슬,115.0,2024-06,2,371000.0,365000,377000
서울 강남구,도곡렉슬,115.0,2024-07,1,395000.0,395000,395000
서울 강남구,도곡렉슬,115.0,2024-08,1,320000.0,320000,320000
서울 강남구,도곡렉슬,115.0,2024-11,2,387000.0,384000,390000
서울 강남구,도곡렉슬,115.0,2024-12,1,358000.0,358000,358000
서울 강남구,도곡렉슬,115.0,2025-02,4,392500.0,389000,418000
서울 강남구,도곡렉슬,115.0,2025-03,2,412500.0,397000,428000
서울 강남구,도곡렉슬,115.0,2025-04,1,448000.0,448000,448000
서울 강남구,도곡렉슬,115.0,2025-05,1,415000.0,415000,415000
서울 강남구,도곡렉슬,115.0,2025-08,1,450000.0,450000,450000
서울 강남구,도곡렉슬,115.0,2026-05,2,410000.0,390000,430000
서울 강남구,도곡렉슬,115.0,2026-06,1,391500.0,391500,391500
서울 강남구,도곡렉슬,119.9,2020-02,1,263000.0,263000,263000
서울 강남구,도곡렉슬,119.9,2020-04,2,247000.0,246000,248000
서울 강남구,도곡렉슬,119.9,2020-05,2,262500.0,260000,265000
서울 강남구,도곡렉슬,119.9,2020-06,2,276500.0,263000,290000
서울 강남구,도곡렉슬,119.9,2020-10,1,328000.0,328000,328000
서울 강남구,도곡렉슬,119.9,2021-01,2,321900.0,314800,329000
서울 강남구,도곡렉슬,119.9,2021-02,1,320000.0,320000,320000
서울 강남구,도곡렉슬,119.9,2021-03,2,325000.0,321000,329000
서울 강남구,도곡렉슬,119.9,2021-04,1,325000.0,325000,325000
서울 강남구,도곡렉슬,119.9,2021-05,2,318750.0,307500,330000
서울 강남구,도곡렉슬,119.9,2023-01,1,265000.0,265000,265000
서울 강남구,도곡렉슬,119.9,2023-04,3,323000.0,292500,325000
서울 강남구,도곡렉슬,119.9,2023-05,2,313500.0,290000,337000
서울 강남구,도곡렉슬,119.9,2023-11,1,328000.0,328000,328000
서울 강남구,도곡렉슬,119.9,2024-03,1,305000.0,305000,305000
서울 강남구,도곡렉슬,119.9,2024-04,3,325000.0,276000,330000
서울 강남구,도곡렉슬,119.9,2024-05,2,327000.0,320000,334000
서울 강남구,도곡렉슬,119.9,2024-06,1,365000.0,365000,365000
서울 강남구,도곡렉슬,119.9,2024-07,1,362000.0,362000,362000
서울 강남구,도곡렉슬,119.9,2024-08,1,355000.0,355000,355000
서울 강남구,도곡렉슬,119.9,2024-09,2,356000.0,355000,357000
서울 강남구,도곡렉슬,119.9,2025-02,1,395000.0,395000,395000
서울 강남구,도곡렉슬,119.9,2025-03,2,399500.0,384000,415000
서울 강남구,도곡렉슬,119.9,2025-05,2,372500.0,365000,380000
서울 강남구,도곡렉슬,119.9,2025-06,3,392000.0,385000,417000
서울 강남구,도곡렉슬,119.9,2025-09,2,427500.0,425000,430000
서울 강남구,도곡렉슬,119.9,2025-11,2,433000.0,425000,441000
서울 강남구,도곡렉슬,119.9,2025-12,1,435000.0,435000,435000
서울 강남구,도곡렉슬,119.9,2026-04,1,380000.0,380000,380000
서울 강남구,도곡렉슬,119.9,2026-05,3,406500.0,391000,420000
서울 강남구,도곡렉슬,119.9,2026-06,3,415000.0,413000,418000
서울 강남구,도곡렉슬,119.9,2026-08,1,415000.0,415000,415000
서울 강남구,도곡렉슬,120.8,2020-03,1,265000.0,265000,265000
서울 강남구,도곡렉슬,120.8,2020-04,1,243000.0,243000,243000
서울 강남구,도곡렉슬,120.8,2020-05,2,261500.0,258500,264500
서울 강남구,도곡렉슬,120.8,2020-06,4,280450.0,260000,299500
서울 강남구,도곡렉슬,120.8,2020-07,2,305000.0,300000,310000
서울 강남구,도곡렉슬,120.8,2020-10,1,324000.0,324000,324000
서울 강남구,도곡렉슬,120.8,2020-11,1,300000.0,300000,300000
서울 강남구,도곡렉슬,120.8,2021-08,1,349000.0,349000,349000
서울 강남구,도곡렉슬,120.8,2023-04,3,293000.0,290000,306000
서울 강남구,도곡렉슬,120.8,2023-05,1,322000.0,322000,322000
서울 강남구,도곡렉슬,120.8,2023-08,1,333000.0,333000,333000
서울 강남구,도곡렉슬,120.8,2024-05,2,334500.0,325000,344000
서울 강남구,도곡렉슬,120.8,2024-06,2,339000.0,339000,339000
서울 강남구,도곡렉슬,120.8,2024-07,1,335000.0,335000,335000
서울 강남구,도곡렉슬,120.8,2024-08,1,360000.0,360000,360000
서울 강남구,도곡렉슬,120.8,2024-09,2,360000.0,358000,362000
서울 강남구,도곡렉슬,120.8,2024-10,1,370000.0,370000,370000
서울 강남구,도곡렉슬,120.8,2024-12,1,365000.0,365000,365000
서울 강남구,도곡렉슬,120.8,2025-01,1,363000.0,363000,363000
서울 강남구,도곡렉슬,120.8,2025-02,2,364750.0,364500,365000
서울 강남구,도곡렉슬,120.8,2025-03,5,390000.0,365000,420000
서울 강남구,도곡렉슬,120.8,2025-05,1,370000.0,370000,370000
서울 강남구,도곡렉슬,120.8,2025-06,2,410000.0,400000,420000
서울 강남구,도곡렉슬,120.8,2025-10,1,450000.0,450000,450000
서울 강남구,도곡렉슬,120.8,2026-02,1,434000.0,434000,434000
서울 강남구,도곡렉슬,120.8,2026-04,1,395000.0,395000,395000
서울 강남구,도곡렉슬,120.8,2026-05,1,360000.0,360000,360000
서울 강남구,도곡렉슬,120.8,2026-06,1,450000.0,450000,450000
서울 강남구,도곡렉슬,120.8,2026-07,1,438000.0,438000,438000
서울 강남구,도곡렉슬,134.9,2020-02,1,320000.0,320000,320000
서울 강남구,도곡렉슬,134.9,2020-04,1,318000.0,318000,318000
서울 강남구,도곡렉슬,134.9,2020-06,3,328000.0,310000,335000
서울 강남구,도곡렉슬,134.9,2020-07,1,359000.0,359000,359000
서울 강남구,도곡렉슬,134.9,2020-11,1,355000.0,355000,355000
서울 강남구,도곡렉슬,134.9,2020-12,2,350000.0,335000,365000
서울 강남구,도곡렉슬,134.9,2021-03,1,383000.0,383000,383000
서울 강남구,도곡렉슬,134.9,2021-09,1,420000.0,420000,420000
서울 강남구,도곡렉슬,134.9,2021-12,1,435000.0,435000,435000
서울 강남구,도곡렉슬,134.9,2022-05,1,494000.0,494000,494000
서울 강남구,도곡렉슬,134.9,2022-08,1,423000.0,423000,423000
서울 강남구,도곡렉슬,134.9,2023-04,1,408000.0,408000,408000
서울 강남구,도곡렉슬,134.9,2023-06,1,395000.0,395000,395000
서울 강남구,도곡렉슬,134.9,2023-07,2,425000.0,415000,435000
서울 강남구,도곡렉슬,134.9,2023-08,1,405000.0,405000,405000
서울 강남구,도곡렉슬,134.9,2023-09,1,400000.0,400000,400000
서울 강남구,도곡렉슬,134.9,2023-11,1,372000.0,372000,372000
서울 강남구,도곡렉슬,134.9,2024-02,1,380000.0,380000,380000
서울 강남구,도곡렉슬,134.9,2024-03,1,370000.0,370000,370000
서울 강남구,도곡렉슬,134.9,2024-04,2,364250.0,340000,388500
서울 강남구,도곡렉슬,134.9,2024-05,2,397000.0,389000,405000
서울 강남구,도곡렉슬,134.9,2024-06,2,405000.0,400000,410000
서울 강남구,도곡렉슬,134.9,2024-07,3,428000.0,428000,429000
서울 강남구,도곡렉슬,134.9,2024-08,3,415000.0,414000,473000
서울 강남구,도곡렉슬,134.9,2024-10,1,430000.0,430000,430000
서울 강남구,도곡렉슬,134.9,2025-01,1,465000.0,465000,465000
서울 강남구,도곡렉슬,134.9,2025-02,2,424500.0,420000,429000
서울 강남구,도곡렉슬,134.9,2025-03,6,442000.0,415000,452000
서울 강남구,도곡렉슬,134.9,2025-04,1,440000.0,440000,440000
서울 강남구,도곡렉슬,134.9,2025-06,3,460000.0,460000,500000
서울 강남구,도곡렉슬,134.9,2025-10,1,480000.0,480000,480000
서울 강남구,도곡렉슬,134.9,2025-12,1,519000.0,519000,519000
서울 강남구,도곡렉슬,134.9,2026-01,1,505000.0,505000,505000
서울 강남구,도곡렉슬,134.9,2026-05,2,459000.0,448000,470000
서울 강남구,도곡렉슬,134.9,2026-07,1,505000.0,505000,505000
서울 강남구,도곡렉슬,138.3,2020-06,1,330000.0,330000,330000
서울 강남구,도곡렉슬,138.3,2021-01,1,368000.0,368000,368000
서울 강남구,도곡렉슬,138.3,2025-09,1,470000.0,470000,470000
서울 강남구,도곡렉슬,177.0,2020-05,1,390000.0,390000,390000
서울 강남구,도곡렉슬,177.0,2020-06,1,430000.0,430000,430000
서울 강남구,도곡렉슬,177.0,2022-04,1,580000.0,580000,580000
서울 강남구,도곡렉슬,177.0,2022-06,1,550000.0,550000,550000
서울 강남구,도곡렉슬,177.0,2023-05,1,485000.0,485000,485000
서울 강남구,도곡렉슬,177.0,2024-06,1,372500.0,372500,372500
서울 강남구,도곡렉슬,177.0,2025-03,1,595000.0,595000,595000
서울 강남구,도곡렉슬,177.0,2026-01,1,650000.0,650000,650000
서울 강남구,도곡렉슬,177.0,2026-05,1,580000.0,580000,580000
서울 강남구,동양파라곤,144.7,2022-10,1,310000.0,310000,310000
서울 강남구,동양파라곤,157.4,2020-07,1,270000.0,270000,270000
서울 강남구,동양파라곤,157.4,2021-04,1,285000.0,285000,285000
서울 강남구,동양파라곤,157.4,2021-05,1,316000.0,316000,316000
서울 강남구,동양파라곤,157.4,2022-01,1,320000.0,320000,320000
서울 강남구,동양파라곤,157.4,2022-05,1,303000.0,303000,303000
서울 강남구,동양파라곤,157.4,2023-05,1,360000.0,360000,360000
서울 강남구,동양파라곤,157.4,2023-09,1,380000.0,380000,380000
서울 강남구,동양파라곤,157.4,2024-02,1,350000.0,350000,350000
서울 강남구,동양파라곤,157.4,2025-07,1,390000.0,390000,390000
서울 강남구,동양파라곤,157.4,2025-08,1,400000.0,400000,400000
서울 강남구,동양파라곤,157.4,2026-08,1,440000.0,440000,440000
서울 강남구,동양파라곤,160.3,2020-10,1,260000.0,260000,260000
서울 강남구,동양파라곤,160.3,2020-12,1,272000.0,272000,272000
서울 강남구,동양파라곤,160.3,2021-05,1,330000.0,330000,330000
서울 강남구,동양파라곤,160.3,2022-03,1,333000.0,333000,333000
서울 강남구,동양파라곤,160.3,2024-04,1,350000.0,350000,350000
서울 강남구,동양파라곤,160.3,2024-11,1,370000.0,370000,370000
서울 강남구,동양파라곤,160.3,2024-12,1,370000.0,370000,370000
서울 강남구,동양파라곤,160.3,2025-06,1,405000.0,405000,405000
서울 강남구,동양파라곤,160.3,2026-03,1,385000.0,385000,385000
서울 강남구,동양파라곤,171.1,2023-07,1,595000.0,595000,595000
서울 강남구,동양파라곤,171.1,2023-12,1,545000.0,545000,545000
서울 강남구,동양파라곤,171.1,2024-08,1,500000.0,500000,500000
서울 강남구,동양파라곤,171.1,2024-10,1,500000.0,500000,500000
서울 강남구,동양파라곤,171.1,2025-03,1,510000.0,510000,510000
서울 강남구,동양파라곤,171.1,2025-11,1,620000.0,620000,620000
서울 강남구,동양파라곤,171.1,2025-12,1,507000.0,507000,507000
서울 강남구,동양파라곤,180.1,2020-05,1,295000.0,295000,295000
서울 강남구,동양파라곤,180.1,2021-02,1,305000.0,305000,305000
서울 강남구,동양파라곤,180.1,2021-04,1,315000.0,315000,315000
서울 강남구,동양파라곤,180.1,2022-04,2,234500.0,224000,245000
서울 강남구,동양파라곤,180.1,2023-05,1,480000.0,480000,480000
서울 강남구,동양파라곤,197.5,2020-04,1,342000.0,342000,342000
서울 강남구,동양파라곤,197.5,2020-10,1,373000.0,373000,373000
서울 강남구,동양파라곤,208.4,2021-01,1,355000.0,355000,355000
서울 강남구,동양파라곤,214.0,2021-03,1,320000.0,320000,320000
서울 강남구,동양파라곤,224.4,2023-04,1,680000.0,680000,680000
서울 강남구,동양파라곤,224.4,2026-05,1,770000.0,770000,770000
서울 강남구,래미안 개포 루체하임,60.0,2020-06,1,173000.0,173000,173000
서울 강남구,래미안 개포 루체하임,60.0,2021-05,1,209000.0,209000,209000
서울 강남구,래미안 개포 루체하임,60.0,2021-08,1,220000.0,220000,220000
서울 강남구,래미안 개포 루체하임,60.0,2021-10,1,230000.0,230000,230000
서울 강남구,래미안 개포 루체하임,60.0,2023-01,1,162000.0,162000,162000
서울 강남구,래미안 개포 루체하임,60.0,2023-02,1,159000.0,159000,159000
서울 강남구,래미안 개포 루체하임,60.0,2023-04,1,188000.0,188000,188000
서울 강남구,래미안 개포 루체하임,60.0,2023-05,5,188000.0,182000,195000
서울 강남구,래미안 개포 루체하임,60.0,2023-07,1,188000.0,188000,188000
서울 강남구,래미안 개포 루체하임,60.0,2023-08,1,187500.0,187500,187500
서울 강남구,래미안 개포 루체하임,60.0,2023-11,1,187500.0,187500,187500
서울 강남구,래미안 개포 루체하임,60.0,2024-01,2,191500.0,185000,198000
서울 강남구,래미안 개포 루체하임,60.0,2024-02,1,187000.0,187000,187000
서울 강남구,래미안 개포 루체하임,60.0,2024-04,5,205000.0,192500,209500
서울 강남구,래미안 개포 루체하임,60.0,2024-05,2,206500.0,205000,208000
서울 강남구,래미안 개포 루체하임,60.0,2024-07,2,224000.0,223000,225000
서울 강남구,래미안 개포 루체하임,60.0,2024-08,1,245000.0,245000,245000
서울 강남구,래미안 개포 루체하임,60.0,2024-09,1,233000.0,233000,233000
서울 강남구,래미안 개포 루체하임,60.0,2025-02,5,240000.0,235000,243000
서울 강남구,래미안 개포 루체하임,60.0,2025-03,5,249500.0,239500,250000
서울 강남구,래미안 개포 루체하임,60.0,2025-10,3,299000.0,291500,308000
서울 강남구,래미안 개포 루체하임,60.0,2025-12,2,311500.0,308000,315000
서울 강남구,래미안 개포 루체하임,60.0,2026-02,1,270000.0,270000,270000
서울 강남구,래미안 개포 루체하임,71.6,2020-02,1,212000.0,212000,212000
서울 강남구,래미안 개포 루체하임,71.6,2023-01,1,190000.0,190000,190000
서울 강남구,래미안 개포 루체하임,71.6,2023-05,1,220000.0,220000,220000
서울 강남구,래미안 개포 루체하임,71.6,2023-11,1,225000.0,225000,225000
서울 강남구,래미안 개포 루체하임,71.6,2024-05,3,249000.0,226500,253000
서울 강남구,래미안 개포 루체하임,71.6,2025-03,3,260000.0,250000,270000
서울 강남구,래미안 개포 루체하임,71.6,2025-06,1,275000.0,275000,275000
서울 강남구,래미안 개포 루체하임,71.6,2026-01,1,312000.0,312000,312000
서울 강남구,래미안 개포 루체하임,71.6,2026-04,1,298000.0,298000,298000
서울 강남구,래미안 개포 루체하임,71.7,2020-06,1,200000.0,200000,200000
서울 강남구,래미안 개포 루체하임,71.7,2020-08,1,190000.0,190000,190000
서울 강남구,래미안 개포 루체하임,71.7,2020-12,1,241500.0,241500,241500
서울 강남구,래미안 개포 루체하임,71.7,2021-01,1,240000.0,240000,240000
서울 강남구,래미안 개포 루체하임,71.7,2021-02,1,245000.0,245000,245000
서울 강남구,래미안 개포 루체하임,71.7,2021-06,1,245000.0,245000,245000
서울 강남구,래미안 개포 루체하임,71.7,2023-02,1,190000.0,190000,190000
서울 강남구,래미안 개포 루체하임,71.7,2023-09,1,227000.0,227000,227000
서울 강남구,래미안 개포 루체하임,71.7,2024-03,1,235000.0,235000,235000
서울 강남구,래미안 개포 루체하임,71.7,2024-04,2,241000.0,238000,244000
서울 강남구,래미안 개포 루체하임,71.7,2024-07,2,255000.0,255000,255000
서울 강남구,래미안 개포 루체하임,71.7,2025-09,1,295000.0,295000,295000
서울 강남구,래미안 개포 루체하임,71.7,2026-05,1,275000.0,275000,275000
서울 강남구,래미안 개포 루체하임,85.0,2020-06,2,239500.0,239000,240000
서울 강남구,래미안 개포 루체하임,85.0,2020-07,2,232000.0,230000,234000
서울 강남구,래미안 개포 루체하임,85.0,2020-08,2,249250.0,248500,250000
서울 강남구,래미안 개포 루체하임,85.0,2020-11,2,241000.0,230000,252000
서울 강남구,래미안 개포 루체하임,85.0,2020-12,1,259500.0,259500,259500
서울 강남구,래미안 개포 루체하임,85.0,2021-01,1,265000.0,265000,265000
서울 강남구,래미안 개포 루체하임,85.0,2021-02,1,274500.0,274500,274500
서울 강남구,래미안 개포 루체하임,85.0,2021-05,1,245000.0,245000,245000
서울 강남구,래미안 개포 루체하임,85.0,2021-06,1,270000.0,270000,270000
서울 강남구,래미안 개포 루체하임,85.0,2021-08,1,270000.0,270000,270000
서울 강남구,래미안 개포 루체하임,85.0,2022-04,1,280000.0,280000,280000
서울 강남구,래미안 개포 루체하임,85.0,2023-02,2,214500.0,213000,216000
서울 강남구,래미안 개포 루체하임,85.0,2023-04,1,222000.0,222000,222000
서울 강남구,래미안 개포 루체하임,85.0,2023-06,2,247500.0,245000,250000
서울 강남구,래미안 개포 루체하임,85.0,2023-07,1,255000.0,255000,255000
서울 강남구,래미안 개포 루체하임,85.0,2023-08,1,252000.0,252000,252000
서울 강남구,래미안 개포 루체하임,85.0,2023-09,1,268000.0,268000,268000
서울 강남구,래미안 개포 루체하임,85.0,2024-03,2,253500.0,247000,260000
서울 강남구,래미안 개포 루체하임,85.0,2024-05,1,266500.0,266500,266500
서울 강남구,래미안 개포 루체하임,85.0,2024-06,1,270000.0,270000,270000
서울 강남구,래미안 개포 루체하임,85.0,2024-07,4,272500.0,270000,280000
서울 강남구,래미안 개포 루체하임,85.0,2024-08,2,274750.0,274500,275000
서울 강남구,래미안 개포 루체하임,85.0,2024-10,2,279500.0,274500,284500
서울 강남구,래미안 개포 루체하임,85.0,2024-11,1,278000.0,278000,278000
서울 강남구,래미안 개포 루체하임,85.0,2024-12,1,270000.0,270000,270000
서울 강남구,래미안 개포 루체하임,85.0,2025-01,2,277000.0,276000,278000
서울 강남구,래미안 개포 루체하임,85.0,2025-02,4,281000.0,277000,289000
서울 강남구,래미안 개포 루체하임,85.0,2025-03,3,290000.0,285000,290000
서울 강남구,래미안 개포 루체하임,85.0,2025-06,1,303000.0,303000,303000
서울 강남구,래미안 개포 루체하임,85.0,2025-07,1,330000.0,330000,330000
서울 강남구,래미안 개포 루체하임,85.0,2025-11,3,333000.0,332000,342000
서울 강남구,래미안 개포 루체하임,85.0,2025-12,1,332000.0,332000,332000
서울 강남구,래미안 개포 루체하임,85.0,2026-03,1,300000.0,300000,300000
서울 강남구,래미안 개포 루체하임,85.0,2026-04,1,304000.0,304000,304000
서울 강남구,래미안 개포 루체하임,85.0,2026-05,1,291000.0,291000,291000
서울 강남구,래미안 개포 루체하임,85.0,2026-07,1,325000.0,325000,325000
서울 강남구,래미안 개포 루체하임,102.0,2020-01,1,250000.0,250000,250000
서울 강남구,래미안 개포 루체하임,102.0,2020-06,1,245000.0,245000,245000
서울 강남구,래미안 개포 루체하임,102.0,2020-12,2,289000.0,288000,290000
서울 강남구,래미안 개포 루체하임,102.0,2021-05,1,290000.0,290000,290000
서울 강남구,래미안 개포 루체하임,102.0,2023-03,1,260000.0,260000,260000
서울 강남구,래미안 개포 루체하임,102.0,2024-03,1,280000.0,280000,280000
서울 강남구,래미안 개포 루체하임,102.0,2024-06,2,291500.0,285000,298000
서울 강남구,래미안 개포 루체하임,102.0,2024-08,1,296000.0,296000,296000
서울 강남구,래미안 개포 루체하임,102.0,2024-12,1,301500.0,301500,301500
서울 강남구,래미안 개포 루체하임,102.0,2025-01,1,330000.0,330000,330000
서울 강남구,래미안 개포 루체하임,102.0,2025-03,1,316500.0,316500,316500
서울 강남구,래미안 개포 루체하임,102.0,2025-06,2,335000.0,330000,340000
서울 강남구,래미안 개포 루체하임,102.0,2026-07,1,340000.0,340000,340000
서울 강남구,래미안 개포 루체하임,118.1,2025-10,1,340000.0,340000,340000
서울 강남구,래미안 개포 루체하임,121.7,2020-06,1,283000.0,283000,283000
서울 강남구,래미안 개포 루체하임,121.7,2020-10,1,310000.0,310000,310000
서울 강남구,래미안 개포 루체하임,121.7,2020-12,1,240000.0,240000,240000
서울 강남구,래미안 개포 루체하임,121.7,2022-05,1,330000.0,330000,330000
서울 강남구,래미안 개포 루체하임,121.7,2023-01,1,286000.0,286000,286000
서울 강남구,래미안 개포 루체하임,121.7,2023-08,1,300000.0,300000,300000
서울 강남구,래미안 개포 루체하임,121.7,2024-03,3,308000.0,300000,309500
서울 강남구,래미안 개포 루체하임,121.7,2024-08,2,354250.0,348500,360000
서울 강남구,래미안 개포 루체하임,121.7,2024-09,1,365000.0,365000,365000
서울 강남구,래미안 개포 루체하임,121.7,2024-11,1,345000.0,345000,345000
서울 강남구,래미안 개포 루체하임,121.7,2025-03,1,355000.0,355000,355000
서울 강남구,래미안 개포 루체하임,121.7,2025-06,1,378000.0,378000,378000
서울 강남구,래미안 개포 루체하임,121.7,2026-04,2,346500.0,343000,350000
서울 강남구,래미안 개포 루체하임,151.1,2020-08,1,357000.0,357000,357000
서울 강남구,래미안 개포 루체하임,168.8,2020-05,1,245000.0,245000,245000
서울 강남구,래미안대치팰리스,60.0,2020-06,1,250000.0,250000,250000
서울 강남구,래미안대치팰리스,69.0,2025-02,1,356000.0,356000,356000
서울 강남구,래미안대치팰리스,85.0,2020-05,2,291500.0,290000,293000
서울 강남구,래미안대치팰리스,85.0,2020-06,5,300000.0,285000,310000
서울 강남구,래미안대치팰리스,85.0,2021-05,3,304000.0,303000,304000
서울 강남구,래미안대치팰리스,85.0,2021-06,1,312000.0,312000,312000
서울 강남구,래미안대치팰리스,85.0,2021-07,1,308000.0,308000,308000
서울 강남구,래미안대치팰리스,85.0,2021-10,1,321000.0,321000,321000
서울 강남구,래미안대치팰리스,85.0,2022-04,1,330000.0,330000,330000
서울 강남구,래미안대치팰리스,85.0,2023-01,1,298000.0,298000,298000
서울 강남구,래미안대치팰리스,85.0,2023-02,1,282000.0,282000,282000
서울 강남구,래미안대치팰리스,85.0,2023-06,1,310000.0,310000,310000
서울 강남구,래미안대치팰리스,85.0,2023-07,2,310000.0,310000,310000
서울 강남구,래미안대치팰리스,85.0,2023-08,2,320000.0,320000,320000
서울 강남구,래미안대치팰리스,85.0,2023-09,1,325000.0,325000,325000
서울 강남구,래미안대치팰리스,85.0,2023-10,1,330000.0,330000,330000
서울 강남구,래미안대치팰리스,85.0,2023-11,1,330000.0,330000,330000
서울 강남구,래미안대치팰리스,85.0,2023-12,1,323000.0,323000,323000
서울 강남구,래미안대치팰리스,85.0,2024-03,1,318000.0,318000,318000
서울 강남구,래미안대치팰리스,85.0,2024-04,4,326250.0,322000,330000
서울 강남구,래미안대치팰리스,85.0,2024-05,3,340000.0,333000,343500
서울 강남구,래미안대치팰리스,85.0,2024-06,1,328000.0,328000,328000
서울 강남구,래미안대치팰리스,85.0,2024-08,1,360000.0,360000,360000
서울 강남구,래미안대치팰리스,85.0,2024-09,2,358000.0,351000,365000
서울 강남구,래미안대치팰리스,85.0,2024-11,1,393000.0,393000,393000
서울 강남구,래미안대치팰리스,85.0,2024-12,1,355000.0,355000,355000
서울 강남구,래미안대치팰리스,85.0,2025-02,1,400000.0,400000,400000
서울 강남구,래미안대치팰리스,85.0,2025-03,2,407250.0,407000,407500
서울 강남구,래미안대치팰리스,85.0,2025-05,2,441000.0,435000,447000
서울 강남구,래미안대치팰리스,85.0,2025-06,4,443000.0,370000,470000
서울 강남구,래미안대치팰리스,85.0,2025-07,1,441000.0,441000,441000
서울 강남구,래미안대치팰리스,85.0,2025-10,1,250000.0,250000,250000
서울 강남구,래미안대치팰리스,85.0,2025-11,1,475000.0,475000,475000
서울 강남구,래미안대치팰리스,85.0,2026-03,3,415000.0,405000,419000
서울 강남구,래미안대치팰리스,85.0,2026-05,3,430000.0,425000,439000
서울 강남구,래미안대치팰리스,85.0,2026-06,1,440000.0,440000,440000
서울 강남구,래미안대치팰리스,91.9,2020-05,2,297000.0,294000,300000
서울 강남구,래미안대치팰리스,91.9,2020-06,3,299000.0,290000,308000
서울 강남구,래미안대치팰리스,91.9,2021-12,1,330000.0,330000,330000
서울 강남구,래미안대치팰리스,91.9,2022-05,1,328000.0,328000,328000
서울 강남구,래미안대치팰리스,91.9,2022-11,1,291000.0,291000,291000
서울 강남구,래미안대치팰리스,91.9,2023-06,2,312250.0,299500,325000
서울 강남구,래미안대치팰리스,91.9,2023-08,1,316000.0,316000,316000
서울 강남구,래미안대치팰리스,91.9,2024-02,1,310000.0,310000,310000
서울 강남구,래미안대치팰리스,91.9,2024-05,1,330000.0,330000,330000
서울 강남구,래미안대치팰리스,91.9,2025-03,1,427500.0,427500,427500
서울 강남구,래미안대치팰리스,91.9,2025-05,1,440000.0,440000,440000
서울 강남구,래미안대치팰리스,91.9,2025-06,1,450000.0,450000,450000
서울 강남구,래미안대치팰리스,91.9,2025-11,1,470000.0,470000,470000
서울 강남구,래미안대치팰리스,91.9,2026-04,1,430000.0,430000,430000
서울 강남구,래미안대치팰리스,91.9,2026-06,2,421000.0,397000,445000
서울 강남구,래미안대치팰리스,93.2,2025-03,1,450000.0,450000,450000
서울 강남구,래미안대치팰리스,93.2,2026-04,1,425000.0,425000,425000
서울 강남구,래미안대치팰리스,93.2,2026-07,1,470000.0,470000,470000
서울 강남구,래미안대치팰리스,94.5,2020-01,1,340000.0,340000,340000
서울 강남구,래미안대치팰리스,94.5,2020-06,6,326000.0,305000,350000
서울 강남구,래미안대치팰리스,94.5,2020-08,1,327000.0,327000,327000
서울 강남구,래미안대치팰리스,94.5,2020-10,1,359000.0,359000,359000
서울 강남구,래미안대치팰리스,94.5,2021-07,1,369000.0,369000,369000
서울 강남구,래미안대치팰리스,94.5,2021-08,1,371000.0,371000,371000
서울 강남구,래미안대치팰리스,94.5,2021-10,2,382500.0,375000,390000
서울 강남구,래미안대치팰리스,94.5,2021-11,1,385000.0,385000,385000
서울 강남구,래미안대치팰리스,94.5,2021-12,2,390000.0,375000,405000
서울 강남구,래미안대치팰리스,94.5,2022-11,1,348000.0,348000,348000
서울 강남구,래미안대치팰리스,94.5,2023-06,1,335000.0,335000,335000
서울 강남구,래미안대치팰리스,94.5,2023-07,3,355000.0,350000,360000
서울 강남구,래미안대치팰리스,94.5,2023-09,1,356000.0,356000,356000
서울 강남구,래미안대치팰리스,94.5,2024-03,4,366500.0,361500,379000
서울 강남구,래미안대치팰리스,94.5,2024-05,2,372000.0,367000,377000
서울 강남구,래미안대치팰리스,94.5,2024-07,4,386500.0,380000,390000
서울 강남구,래미안대치팰리스,94.5,2024-09,3,405000.0,400000,410000
서울 강남구,래미안대치팰리스,94.5,2024-10,2,415000.0,410000,420000
서울 강남구,래미안대치팰리스,94.5,2024-11,1,422000.0,422000,422000
서울 강남구,래미안대치팰리스,94.5,2024-12,2,419000.0,400000,438000
서울 강남구,래미안대치팰리스,94.5,2025-01,2,422150.0,415000,429300
서울 강남구,래미안대치팰리스,94.5,2025-02,1,390000.0,390000,390000
서울 강남구,래미안대치팰리스,94.5,2025-03,4,466500.0,450000,480000
서울 강남구,래미안대치팰리스,94.5,2025-06,2,517750.0,505500,530000
서울 강남구,래미안대치팰리스,94.5,2025-07,1,530000.0,530000,530000
서울 강남구,래미안대치팰리스,94.5,2025-09,1,500000.0,500000,500000
서울 강남구,래미안대치팰리스,94.5,2025-11,1,520000.0,520000,520000
서울 강남구,래미안대치팰리스,94.5,2025-12,1,530000.0,530000,530000
서울 강남구,래미안대치팰리스,94.5,2026-05,1,470000.0,470000,470000
서울 강남구,래미안대치팰리스,94.5,2026-06,1,475000.0,475000,475000
서울 강남구,래미안대치팰리스,114.1,2023-06,1,441000.0,441000,441000
서울 강남구,래미안대치팰리스,114.1,2023-08,1,480000.0,480000,480000
서울 강남구,래미안대치팰리스,114.1,2023-12,1,478500.0,478500,478500
서울 강남구,래미안대치팰리스,114.1,2024-05,1,487000.0,487000,487000
서울 강남구,래미안대치팰리스,114.1,2024-06,1,492000.0,492000,492000
서울 강남구,래미안대치팰리스,114.1,2024-08,1,507000.0,507000,507000
서울 강남구,래미안대치팰리스,114.1,2024-11,1,520000.0,520000,520000
서울 강남구,래미안대치팰리스,114.1,2025-10,1,630000.0,630000,630000
서울 강남구,래미안대치팰리스,114.1,2026-05,1,580000.0,580000,580000
서울 강남구,래미안대치팰리스,114.2,2020-06,1,417000.0,417000,417000
서울 강남구,래미안대치팰리스,114.2,2021-06,1,440000.0,440000,440000
서울 강남구,래미안대치팰리스,114.2,2022-04,1,488000.0,488000,488000
서울 강남구,래미안대치팰리스,114.2,2022-10,1,485000.0,485000,485000
서울 강남구,래미안대치팰리스,114.2,2023-06,2,442500.0,440000,445000
서울 강남구,래미안대치팰리스,114.2,2024-02,1,445000.0,445000,445000
서울 강남구,래미안대치팰리스,114.2,2024-11,1,525000.0,525000,525000
서울 강남구,래미안대치팰리스,114.2,2025-01,1,529000.0,529000,529000
서울 강남구,래미안대치팰리스,114.2,2025-03,1,600000.0,600000,600000
서울 강남구,래미안대치팰리스,114.2,2025-05,1,600000.0,600000,600000
서울 강남구,래미안대치팰리스,114.2,2026-04,1,600000.0,600000,600000
서울 강남구,래미안대치팰리스,114.2,2026-05,1,637500.0,637500,637500
서울 강남구,래미안대치팰리스,114.2,2026-07,1,638000.0,638000,638000
서울 강남구,래미안대치팰리스,151.3,2021-04,1,535000.0,535000,535000
서울 강남구,래미안대치팰리스,151.3,2022-06,1,530000.0,530000,530000
서울 강남구,래미안대치팰리스,151.3,2023-04,1,440000.0,440000,440000
서울 강남구,래미안대치팰리스,151.3,2023-05,1,460000.0,460000,460000
서울 강남구,래미안대치팰리스,151.3,2023-07,1,445000.0,445000,445000
서울 강남구,래미안대치팰리스,151.3,2023-09,2,488500.0,477000,500000
서울 강남구,래미안대치팰리스,151.3,2024-04,1,479000.0,479000,479000
서울 강남구,래미안대치팰리스,151.3,2024-06,2,489000.0,489000,489000
서울 강남구,래미안대치팰리스,151.3,2024-07,1,500000.0,500000,500000
서울 강남구,래미안대치팰리스,151.3,2024-09,1,525000.0,525000,525000
서울 강남구,래미안대치팰리스,151.3,2024-11,1,524000.0,524000,524000
서울 강남구,래미안대치팰리스,151.3,2025-03,1,615000.0,615000,615000
서울 강남구,래미안대치팰리스,151.3,2025-06,1,618000.0,618000,618000
서울 강남구,래미안대치팰리스,151.3,2025-07,2,622500.0,615000,630000
서울 강남구,래미안대치팰리스,151.3,2025-08,1,630000.0,630000,630000
서울 강남구,래미안대치팰리스,151.3,2025-09,1,620000.0,620000,620000
서울 강남구,래미안대치팰리스,151.3,2026-02,1,655000.0,655000,655000
서울 강남구,래미안대치팰리스,151.3,2026-03,2,622500.0,595000,650000
서울 강남구,래미안대치팰리스,151.3,2026-05,1,570000.0,570000,570000
서울 강남구,청담파라곤Ⅱ1단지,187.8,2020-06,1,245000.0,245000,245000
서울 강남구,청담파라곤Ⅱ1단지,187.8,2020-07,1,245000.0,245000,245000
서울 강남구,청담파라곤Ⅱ1단지,195.9,2020-02,1,260000.0,260000,260000
서울 강남구,청담파라곤Ⅱ1단지,198.8,2020-06,1,328000.0,328000,328000
서울 강남구,청담파라곤Ⅱ1단지,198.8,2020-09,1,342000.0,342000,342000
서울 강남구,청담파라곤Ⅱ2단지,149.7,2021-11,1,320000.0,320000,320000
서울 강남구,청담파라곤Ⅱ2단지,149.7,2021-12,1,320000.0,320000,320000
서울 강남구,청담파라곤Ⅱ2단지,153.8,2025-05,1,450000.0,450000,450000
서울 강남구,청담파라곤Ⅱ2단지,177.1,2021-11,1,335000.0,335000,335000
서울 송파구,레이크팰리스,60.0,2020-01,2,150000.0,149500,150500
서울 송파구,레이크팰리스,60.0,2020-02,1,150000.0,150000,150000
서울 송파구,레이크팰리스,60.0,2020-04,1,149000.0,149000,149000
서울 송파구,레이크팰리스,60.0,2020-05,3,149500.0,147850,150000
서울 송파구,레이크팰리스,60.0,2020-06,7,153000.0,150000,166950
서울 송파구,레이크팰리스,60.0,2020-11,1,172000.0,172000,172000
서울 송파구,레이크팰리스,60.0,2021-04,1,170000.0,170000,170000
서울 송파구,레이크팰리스,60.0,2021-05,1,181000.0,181000,181000
서울 송파구,레이크팰리스,60.0,2021-06,1,174800.0,174800,174800
서울 송파구,레이크팰리스,60.0,2021-07,1,179000.0,179000,179000
서울 송파구,레이크팰리스,60.0,2021-08,1,180000.0,180000,180000
서울 송파구,레이크팰리스,60.0,2021-09,1,198000.0,198000,198000
서울 송파구,레이크팰리스,60.0,2021-10,2,194250.0,187500,201000
서울 송파구,레이크팰리스,60.0,2021-12,1,184000.0,184000,184000
서울 송파구,레이크팰리스,60.0,2022-02,2,187000.0,184000,190000
서울 송파구,레이크팰리스,60.0,2022-03,1,184000.0,184000,184000
서울 송파구,레이크팰리스,60.0,2022-12,1,140000.0,140000,140000
서울 송파구,레이크팰리스,60.0,2023-02,3,150000.0,145000,154000
서울 송파구,레이크팰리스,60.0,2023-03,2,157500.0,157000,158000
서울 송파구,레이크팰리스,60.0,2023-04,4,161000.0,158000,165000
서울 송파구,레이크팰리스,60.0,2023-05,6,167250.0,163500,170000
서울 송파구,레이크팰리스,60.0,2023-06,2,173500.0,172000,175000
서울 송파구,레이크팰리스,60.0,2023-08,1,173000.0,173000,173000
서울 송파구,레이크팰리스,60.0,2023-09,4,181700.0,174800,185000
서울 송파구,레이크팰리스,60.0,2023-10,1,185000.0,185000,185000
서울 송파구,레이크팰리스,60.0,2023-12,3,174000.0,172000,179000
서울 송파구,레이크팰리스,60.0,2024-01,2,169750.0,167000,172500
서울 송파구,레이크팰리스,60.0,2024-02,3,172000.0,169500,176000
서울 송파구,레이크팰리스,60.0,2024-03,1,179800.0,179800,179800
서울 송파구,레이크팰리스,60.0,2024-04,2,181750.0,179000,184500
서울 송파구,레이크팰리스,60.0,2024-05,1,182000.0,182000,182000
서울 송파구,레이크팰리스,60.0,2024-06,5,193000.0,180000,195000
서울 송파구,레이크팰리스,60.0,2024-08,1,209000.0,209000,209000
서울 송파구,레이크팰리스,60.0,2024-12,1,214500.0,214500,214500
서울 송파구,레이크팰리스,60.0,2025-01,3,203000.0,201500,203000
서울 송파구,레이크팰리스,60.0,2025-02,5,220000.0,205000,223000
서울 송파구,레이크팰리스,60.0,2025-03,3,235000.0,225000,242500
서울 송파구,레이크팰리스,60.0,2025-04,1,226000.0,226000,226000
서울 송파구,레이크팰리스,60.0,2025-05,4,238000.0,232000,245000
서울 송파구,레이크팰리스,60.0,2025-06,3,250000.0,236500,260000
서울 송파구,레이크팰리스,60.0,2025-07,3,270000.0,250000,287500
서울 송파구,레이크팰리스,60.0,2025-08,1,272500.0,272500,272500
서울 송파구,레이크팰리스,60.0,2025-09,1,250000.0,250000,250000
서울 송파구,레이크팰리스,60.0,2025-10,1,284000.0,284000,284000
서울 송파구,레이크팰리스,60.0,2026-04,4,258500.0,255000,272000
서울 송파구,레이크팰리스,60.0,2026-05,4,262500.0,260000,268000
서울 송파구,레이크팰리스,60.0,2026-06,3,270000.0,265000,270000
서울 송파구,레이크팰리스,60.0,2026-08,1,275000.0,275000,275000
서울 송파구,레이크팰리스,84.8,2020-01,1,180000.0,180000,180000
서울 송파구,레이크팰리스,84.8,2020-02,3,178000.0,170000,178000
서울 송파구,레이크팰리스,84.8,2020-03,1,170500.0,170500,170500
서울 송파구,레이크팰리스,84.8,2020-04,3,171500.0,166000,173000
서울 송파구,레이크팰리스,84.8,2020-05,6,171000.0,165000,178500
서울 송파구,레이크팰리스,84.8,2020-06,19,182000.0,173000,195000
서울 송파구,레이크팰리스,84.8,2020-07,2,205000.0,205000,205000
서울 송파구,레이크팰리스,84.8,2020-10,1,203000.0,203000,203000
서울 송파구,레이크팰리스,84.8,2020-11,1,198000.0,198000,198000
서울 송파구,레이크팰리스,84.8,2020-12,1,200000.0,200000,200000
서울 송파구,레이크팰리스,84.8,2021-01,1,219000.0,219000,219000
서울 송파구,레이크팰리스,84.8,2021-02,3,219000.0,210000,219800
서울 송파구,레이크팰리스,84.8,2021-03,1,218500.0,218500,218500
서울 송파구,레이크팰리스,84.8,2021-05,4,210500.0,190000,218000
서울 송파구,레이크팰리스,84.8,2021-07,3,223000.0,214500,227000
서울 송파구,레이크팰리스,84.8,2021-08,1,226000.0,226000,226000
서울 송파구,레이크팰리스,84.8,2021-09,3,230000.0,219000,233500
서울 송파구,레이크팰리스,84.8,2021-10,1,235000.0,235000,235000
서울 송파구,레이크팰리스,84.8,2021-11,1,248000.0,248000,248000
서울 송파구,레이크팰리스,84.8,2022-02,3,230000.0,230000,238000
서울 송파구,레이크팰리스,84.8,2022-05,2,222500.0,222000,223000
서울 송파구,레이크팰리스,84.8,2022-10,1,179500.0,179500,179500
서울 송파구,레이크팰리스,84.8,2022-11,1,178200.0,178200,178200
서울 송파구,레이크팰리스,84.8,2023-01,3,175300.0,175000,176000
서울 송파구,레이크팰리스,84.8,2023-02,1,175000.0,175000,175000
서울 송파구,레이크팰리스,84.8,2023-03,1,199500.0,199500,199500
서울 송파구,레이크팰리스,84.8,2023-04,2,200000.0,200000,200000
서울 송파구,레이크팰리스,84.8,2023-05,6,201500.0,180000,207500
서울 송파구,레이크팰리스,84.8,2023-06,2,209000.0,208000,210000
서울 송파구,레이크팰리스,84.8,2023-08,1,180000.0,180000,180000
서울 송파구,레이크팰리스,84.8,2023-09,4,219000.0,195000,230000
서울 송파구,레이크팰리스,84.8,2023-10,1,229000.0,229000,229000
서울 송파구,레이크팰리스,84.8,2023-11,1,221500.0,221500,221500
서울 송파구,레이크팰리스,84.8,2024-01,1,198000.0,198000,198000
서울 송파구,레이크팰리스,84.8,2024-02,1,214600.0,214600,214600
서울 송파구,레이크팰리스,84.8,2024-03,5,218000.0,195000,219000
서울 송파구,레이크팰리스,84.8,2024-04,1,220000.0,220000,220000
서울 송파구,레이크팰리스,84.8,2024-05,2,223000.0,223000,223000
서울 송파구,레이크팰리스,84.8,2024-06,2,228400.0,226800,230000
서울 송파구,레이크팰리스,84.8,2024-07,9,230000.0,225500,235000
서울 송파구,레이크팰리스,84.8,2024-08,5,240000.0,225000,249000
서울 송파구,레이크팰리스,84.8,2024-09,2,250000.0,250000,250000
서울 송파구,레이크팰리스,84.8,2024-10,3,235000.0,223000,240000
서울 송파구,레이크팰리스,84.8,2024-11,3,240000.0,240000,249500
서울 송파구,레이크팰리스,84.8,2024-12,3,240000.0,235000,249500
서울 송파구,레이크팰리스,84.8,2025-01,3,239500.0,235000,260000
서울 송파구,레이크팰리스,84.8,2025-02,8,249500.0,193000,275000
서울 송파구,레이크팰리스,84.8,2025-03,8,276500.0,265000,285000
서울 송파구,레이크팰리스,84.8,2025-04,1,262000.0,262000,262000
서울 송파구,레이크팰리스,84.8,2025-05,1,275000.0,275000,275000
서울 송파구,레이크팰리스,84.8,2025-06,5,295000.0,269000,300000
서울 송파구,레이크팰리스,84.8,2025-07,1,310000.0,310000,310000
서울 송파구,레이크팰리스,84.8,2025-08,1,324000.0,324000,324000
서울 송파구,레이크팰리스,84.8,2025-09,6,296000.0,275000,310000
서울 송파구,레이크팰리스,84.8,2025-10,3,309500.0,297000,313000
서울 송파구,레이크팰리스,84.8,2026-01,1,330000.0,330000,330000
서울 송파구,레이크팰리스,84.8,2026-02,1,325000.0,325000,325000
서울 송파구,레이크팰리스,84.8,2026-03,1,325000.0,325000,325000
서울 송파구,레이크팰리스,84.8,2026-04,2,301250.0,297500,305000
서울 송파구,레이크팰리스,84.8,2026-05,6,300000.0,295000,315000
서울 송파구,레이크팰리스,84.8,2026-06,2,301000.0,300000,302000
서울 송파구,레이크팰리스,116.2,2020-03,1,202000.0,202000,202000
서울 송파구,레이크팰리스,116.2,2020-04,2,190000.0,185000,195000
서울 송파구,레이크팰리스,116.2,2020-05,2,191500.0,189000,194000
서울 송파구,레이크팰리스,116.2,2020-06,9,200000.0,185000,220000
서울 송파구,레이크팰리스,116.2,2020-09,1,229000.0,229000,229000
서울 송파구,레이크팰리스,116.2,2020-11,1,239000.0,239000,239000
서울 송파구,레이크팰리스,116.2,2020-12,2,232250.0,214500,250000
서울 송파구,레이크팰리스,116.2,2021-06,1,274000.0,274000,274000
서울 송파구,레이크팰리스,116.2,2021-12,2,277500.0,270000,285000
서울 송파구,레이크팰리스,116.2,2022-04,1,275500.0,275500,275500
서울 송파구,레이크팰리스,116.2,2022-05,2,270000.0,270000,270000
서울 송파구,레이크팰리스,116.2,2022-08,1,263000.0,263000,263000
서울 송파구,레이크팰리스,116.2,2023-01,1,218000.0,218000,218000
서울 송파구,레이크팰리스,116.2,2023-02,1,225000.0,225000,225000
서울 송파구,레이크팰리스,116.2,2023-04,2,225300.0,220000,230600
서울 송파구,레이크팰리스,116.2,2023-05,5,230000.0,190000,247500
서울 송파구,레이크팰리스,116.2,2023-06,2,230100.0,212500,247700
서울 송파구,레이크팰리스,116.2,2023-07,2,239000.0,233000,245000
서울 송파구,레이크팰리스,116.2,2023-09,2,267500.0,266000,269000
서울 송파구,레이크팰리스,116.2,2023-10,1,267000.0,267000,267000
서울 송파구,레이크팰리스,116.2,2024-02,1,243000.0,243000,243000
서울 송파구,레이크팰리스,116.2,2024-03,1,253000.0,253000,253000
서울 송파구,레이크팰리스,116.2,2024-04,1,260000.0,260000,260000
서울 송파구,레이크팰리스,116.2,2024-05,2,244500.0,239000,250000
서울 송파구,레이크팰리스,116.2,2024-07,3,270000.0,260000,274000
서울 송파구,레이크팰리스,116.2,2024-08,2,285000.0,285000,285000
서울 송파구,레이크팰리스,116.2,2024-10,3,264000.0,249000,265000
서울 송파구,레이크팰리스,116.2,2024-12,1,270000.0,270000,270000
서울 송파구,레이크팰리스,116.2,2025-02,5,273000.0,210000,297500
서울 송파구,레이크팰리스,116.2,2025-03,4,299500.0,297600,310000
서울 송파구,레이크팰리스,116.2,2025-04,2,309500.0,309000,310000
서울 송파구,레이크팰리스,116.2,2025-05,1,289000.0,289000,289000
서울 송파구,레이크팰리스,116.2,2025-06,5,315000.0,300000,328000
서울 송파구,레이크팰리스,116.2,2025-07,1,326500.0,326500,326500
서울 송파구,레이크팰리스,116.2,2025-09,1,334000.0,334000,334000
서울 송파구,레이크팰리스,116.2,2025-10,1,370000.0,370000,370000
서울 송파구,레이크팰리스,116.2,2026-03,1,340000.0,340000,340000
서울 송파구,레이크팰리스,116.2,2026-04,4,340000.0,330000,340000
서울 송파구,레이크팰리스,116.2,2026-05,2,342000.0,340000,344000
서울 송파구,레이크팰리스,116.2,2026-07,1,376000.0,376000,376000
서울 송파구,레이크팰리스,135.8,2020-05,6,218500.0,200000,225000
서울 송파구,레이크팰리스,135.8,2020-06,2,239250.0,228500,250000
서울 송파구,레이크팰리스,135.8,2020-08,1,270000.0,270000,270000
서울 송파구,레이크팰리스,135.8,2020-09,1,245000.0,245000,245000
서울 송파구,레이크팰리스,135.8,2021-01,1,299000.0,299000,299000
서울 송파구,레이크팰리스,135.8,2021-03,1,250000.0,250000,250000
서울 송파구,레이크팰리스,135.8,2021-05,2,275000.0,265000,285000
서울 송파구,레이크팰리스,135.8,2021-07,2,302000.0,300000,304000
서울 송파구,레이크팰리스,135.8,2021-11,1,354000.0,354000,354000
서울 송파구,레이크팰리스,135.8,2022-02,1,355000.0,355000,355000
서울 송파구,레이크팰리스,135.8,2022-06,1,338000.0,338000,338000
서울 송파구,레이크팰리스,135.8,2023-10,3,271000.0,270000,330000
서울 송파구,레이크팰리스,135.8,2024-07,1,313000.0,313000,313000
서울 송파구,레이크팰리스,135.8,2024-08,1,309000.0,309000,309000
서울 송파구,레이크팰리스,135.8,2024-09,1,338000.0,338000,338000
서울 송파구,레이크팰리스,135.8,2024-11,2,310000.0,285000,335000
서울 송파구,레이크팰리스,135.8,2025-01,1,337500.0,337500,337500
서울 송파구,레이크팰리스,135.8,2025-02,2,326250.0,318500,334000
서울 송파구,레이크팰리스,135.8,2025-03,3,360000.0,340000,370000
서울 송파구,레이크팰리스,135.8,2025-06,3,370000.0,370000,400000
서울 송파구,레이크팰리스,135.8,2025-07,1,385000.0,385000,385000
서울 송파구,레이크팰리스,135.8,2025-10,4,389500.0,343000,428000
서울 송파구,레이크팰리스,135.8,2025-12,1,385000.0,385000,385000
서울 송파구,레이크팰리스,135.8,2026-03,1,415000.0,415000,415000
서울 송파구,레이크팰리스,135.8,2026-04,2,413500.0,402000,425000
서울 송파구,레이크팰리스,135.8,2026-05,1,410000.0,410000,410000
서울 송파구,레이크팰리스,135.8,2026-07,1,423000.0,423000,423000
서울 송파구,레이크팰리스,136.7,2020-05,3,209500.0,199500,217500
서울 송파구,레이크팰리스,136.7,2020-06,1,210000.0,210000,210000
서울 송파구,레이크팰리스,136.7,2021-09,1,299500.0,299500,299500
서울 송파구,레이크팰리스,136.7,2023-11,1,270000.0,270000,270000
서울 송파구,레이크팰리스,136.7,2023-12,1,259000.0,259000,259000
서울 송파구,레이크팰리스,136.7,2024-03,1,270000.0,270000,270000
서울 송파구,레이크팰리스,136.7,2024-11,1,300000.0,300000,300000
서울 송파구,레이크팰리스,136.7,2024-12,1,309500.0,309500,309500
서울 송파구,레이크팰리스,136.7,2025-05,1,320000.0,320000,320000
서울 송파구,레이크팰리스,136.7,2025-08,1,346500.0,346500,346500
서울 송파구,레이크팰리스,136.7,2025-10,1,353000.0,353000,353000
서울 송파구,레이크팰리스,136.7,2026-01,1,400000.0,400000,400000
서울 송파구,레이크팰리스,136.7,2026-05,1,379000.0,379000,379000
서울 송파구,레이크팰리스,136.7,2026-09,1,380000.0,380000,380000
서울 송파구,잠실엘스,60.0,2020-01,1,166000.0,166000,166000
서울 송파구,잠실엘스,60.0,2020-02,2,166000.0,166000,166000
서울 송파구,잠실엘스,60.0,2020-04,2,161000.0,157000,165000
서울 송파구,잠실엘스,60.0,2020-05,11,157000.0,151000,168000
서울 송파구,잠실엘스,60.0,2020-06,14,179250.0,162100,188000
서울 송파구,잠실엘스,60.0,2020-08,1,193000.0,193000,193000
서울 송파구,잠실엘스,60.0,2020-09,2,180000.0,172000,188000
서울 송파구,잠실엘스,60.0,2020-11,1,150000.0,150000,150000
서울 송파구,잠실엘스,60.0,2020-12,2,186500.0,185000,188000
서울 송파구,잠실엘스,60.0,2021-01,2,185000.0,185000,185000
서울 송파구,잠실엘스,60.0,2021-02,1,191000.0,191000,191000
서울 송파구,잠실엘스,60.0,2021-05,2,191250.0,188500,194000
서울 송파구,잠실엘스,60.0,2021-07,3,190000.0,190000,195000
서울 송파구,잠실엘스,60.0,2021-08,3,195000.0,187000,209000
서울 송파구,잠실엘스,60.0,2021-09,1,219000.0,219000,219000
서울 송파구,잠실엘스,60.0,2022-05,1,195000.0,195000,195000
서울 송파구,잠실엘스,60.0,2022-07,1,170000.0,170000,170000
서울 송파구,잠실엘스,60.0,2022-08,1,175000.0,175000,175000
서울 송파구,잠실엘스,60.0,2022-09,2,160500.0,160000,161000
서울 송파구,잠실엘스,60.0,2022-11,1,159500.0,159500,159500
서울 송파구,잠실엘스,60.0,2022-12,2,154750.0,149000,160500
서울 송파구,잠실엘스,60.0,2023-01,5,156000.0,150000,161000
서울 송파구,잠실엘스,60.0,2023-02,4,163000.0,162000,163000
서울 송파구,잠실엘스,60.0,2023-03,3,170000.0,163500,171000
서울 송파구,잠실엘스,60.0,2023-04,1,172500.0,172500,172500
서울 송파구,잠실엘스,60.0,2023-05,7,183300.0,175000,187000
서울 송파구,잠실엘스,60.0,2023-06,3,188000.0,180000,190000
서울 송파구,잠실엘스,60.0,2023-07,2,185500.0,184000,187000
서울 송파구,잠실엘스,60.0,2023-08,13,189800.0,184000,195000
서울 송파구,잠실엘스,60.0,2023-09,2,199750.0,199500,200000
서울 송파구,잠실엘스,60.0,2023-10,3,197500.0,196000,198000
서울 송파구,잠실엘스,60.0,2023-11,1,192000.0,192000,192000
서울 송파구,잠실엘스,60.0,2023-12,2,194000.0,193000,195000
서울 송파구,잠실엘스,60.0,2024-01,3,187000.0,182000,190000
서울 송파구,잠실엘스,60.0,2024-02,3,190000.0,182000,193000
서울 송파구,잠실엘스,60.0,2024-03,1,195000.0,195000,195000
서울 송파구,잠실엘스,60.0,2024-04,4,193750.0,169100,198000
서울 송파구,잠실엘스,60.0,2024-05,6,204000.0,191000,206000
서울 송파구,잠실엘스,60.0,2024-06,4,202400.0,190000,209000
서울 송파구,잠실엘스,60.0,2024-07,3,213000.0,206000,218000
서울 송파구,잠실엘스,60.0,2024-08,4,223150.0,220000,227500
서울 송파구,잠실엘스,60.0,2024-09,3,228000.0,227500,229000
서울 송파구,잠실엘스,60.0,2024-11,3,215500.0,211000,225000
서울 송파구,잠실엘스,60.0,2024-12,3,219000.0,215000,220500
서울 송파구,잠실엘스,60.0,2025-01,6,220250.0,200000,223000
서울 송파구,잠실엘스,60.0,2025-02,8,228500.0,150000,247000
서울 송파구,잠실엘스,60.0,2025-03,11,245000.0,230000,256000
서울 송파구,잠실엘스,60.0,2025-05,4,250000.0,243500,259000
서울 송파구,잠실엘스,60.0,2025-06,9,274000.0,253000,300000
서울 송파구,잠실엘스,60.0,2025-07,1,300000.0,300000,300000
서울 송파구,잠실엘스,60.0,2025-09,1,279000.0,279000,279000
서울 송파구,잠실엘스,60.0,2025-10,3,300000.0,290000,302000
서울 송파구,잠실엘스,60.0,2025-11,6,297000.0,280000,310000
서울 송파구,잠실엘스,60.0,2025-12,2,294500.0,294000,295000
서울 송파구,잠실엘스,60.0,2026-01,3,297500.0,290000,309500
서울 송파구,잠실엘스,60.0,2026-03,4,281500.0,280000,285000
서울 송파구,잠실엘스,60.0,2026-04,13,280000.0,270000,295000
서울 송파구,잠실엘스,60.0,2026-05,7,286000.0,270000,295000
서울 송파구,잠실엘스,60.0,2026-06,2,300000.0,300000,300000
서울 송파구,잠실엘스,60.0,2026-07,2,294500.0,294000,295000
서울 송파구,잠실엘스,60.0,2026-08,4,297500.0,287000,300500
서울 송파구,잠실엘스,60.0,2026-09,1,292000.0,292000,292000
서울 송파구,잠실엘스,84.8,2020-01,6,197000.0,191000,203000
서울 송파구,잠실엘스,84.8,2020-02,6,187500.0,180000,196000
서울 송파구,잠실엘스,84.8,2020-03,2,189000.0,187000,191000
서울 송파구,잠실엘스,84.8,2020-04,5,193500.0,185000,194500
서울 송파구,잠실엘스,84.8,2020-05,7,189000.0,183000,200000
서울 송파구,잠실엘스,84.8,2020-06,38,210000.0,187000,225000
서울 송파구,잠실엘스,84.8,2020-09,1,215000.0,215000,215000
서울 송파구,잠실엘스,84.8,2020-10,1,218000.0,218000,218000
서울 송파구,잠실엘스,84.8,2020-11,3,220000.0,213000,227000
서울 송파구,잠실엘스,84.8,2020-12,7,226000.0,215000,235000
서울 송파구,잠실엘스,84.8,2021-01,2,237000.0,237000,237000
서울 송파구,잠실엘스,84.8,2021-02,1,241000.0,241000,241000
서울 송파구,잠실엘스,84.8,2021-03,2,232000.0,225000,239000
서울 송파구,잠실엘스,84.8,2021-07,2,233500.0,228000,239000
서울 송파구,잠실엘스,84.8,2021-08,3,238000.0,235000,242000
서울 송파구,잠실엘스,84.8,2021-09,4,247500.0,242000,250000
서울 송파구,잠실엘스,84.8,2021-10,2,265000.0,260000,270000
서울 송파구,잠실엘스,84.8,2021-11,1,262500.0,262500,262500
서울 송파구,잠실엘스,84.8,2021-12,1,264500.0,264500,264500
서울 송파구,잠실엘스,84.8,2022-02,1,253000.0,253000,253000
서울 송파구,잠실엘스,84.8,2022-03,1,267000.0,267000,267000
서울 송파구,잠실엘스,84.8,2022-04,1,234000.0,234000,234000
서울 송파구,잠실엘스,84.8,2022-06,3,235000.0,225000,240000
서울 송파구,잠실엘스,84.8,2022-07,3,232000.0,225000,234000
서울 송파구,잠실엘스,84.8,2022-08,4,213500.0,195000,231000
서울 송파구,잠실엘스,84.8,2022-09,1,210000.0,210000,210000
서울 송파구,잠실엘스,84.8,2022-10,3,195000.0,190000,197000
서울 송파구,잠실엘스,84.8,2022-11,4,196500.0,193000,210000
서울 송파구,잠실엘스,84.8,2022-12,4,199250.0,193000,213000
서울 송파구,잠실엘스,84.8,2023-01,2,192500.0,187000,198000
서울 송파구,잠실엘스,84.8,2023-02,6,197000.0,195000,214500
서울 송파구,잠실엘스,84.8,2023-03,2,215500.0,215000,216000
서울 송파구,잠실엘스,84.8,2023-04,6,215500.0,181000,218500
서울 송파구,잠실엘스,84.8,2023-05,6,217500.0,190000,225000
서울 송파구,잠실엘스,84.8,2023-06,10,223750.0,170000,230000
서울 송파구,잠실엘스,84.8,2023-07,5,230000.0,190000,238000
서울 송파구,잠실엘스,84.8,2023-08,8,230000.0,226500,250000
서울 송파구,잠실엘스,84.8,2023-09,5,240500.0,229500,244000
서울 송파구,잠실엘스,84.8,2023-10,2,244500.0,244000,245000
서울 송파구,잠실엘스,84.8,2023-11,2,228000.0,228000,228000
서울 송파구,잠실엘스,84.8,2023-12,1,234000.0,234000,234000
서울 송파구,잠실엘스,84.8,2024-01,7,227000.0,223000,234000
서울 송파구,잠실엘스,84.8,2024-02,3,228000.0,222000,230500
서울 송파구,잠실엘스,84.8,2024-03,11,230000.0,225000,240000
서울 송파구,잠실엘스,84.8,2024-04,5,237000.0,234000,245000
서울 송파구,잠실엘스,84.8,2024-05,6,239250.0,233000,247000
서울 송파구,잠실엘스,84.8,2024-06,6,252500.0,220000,259000
서울 송파구,잠실엘스,84.8,2024-07,10,250000.0,190000,260000
서울 송파구,잠실엘스,84.8,2024-08,4,263000.0,241000,273000
서울 송파구,잠실엘스,84.8,2024-09,4,267000.0,254500,270000
서울 송파구,잠실엘스,84.8,2024-10,1,265000.0,265000,265000
서울 송파구,잠실엘스,84.8,2024-11,2,272500.0,270000,275000
서울 송파구,잠실엘스,84.8,2024-12,8,272000.0,257000,277000
서울 송파구,잠실엘스,84.8,2025-01,3,267000.0,266000,273000
서울 송파구,잠실엘스,84.8,2025-02,24,275000.0,173000,305000
서울 송파구,잠실엘스,84.8,2025-03,16,290000.0,220000,310000
서울 송파구,잠실엘스,84.8,2025-04,1,265500.0,265500,265500
서울 송파구,잠실엘스,84.8,2025-05,6,305000.0,290000,309000
서울 송파구,잠실엘스,84.8,2025-06,27,320000.0,302000,340000
서울 송파구,잠실엘스,84.8,2025-07,6,327500.0,319000,343000
서울 송파구,잠실엘스,84.8,2025-10,11,337000.0,325000,350000
서울 송파구,잠실엘스,84.8,2025-11,3,325000.0,313500,325800
서울 송파구,잠실엘스,84.8,2025-12,1,335000.0,335000,335000
서울 송파구,잠실엘스,84.8,2026-01,5,340000.0,335000,349000
서울 송파구,잠실엘스,84.8,2026-02,2,347500.0,345000,350000
서울 송파구,잠실엘스,84.8,2026-03,3,330000.0,315000,340000
서울 송파구,잠실엘스,84.8,2026-04,23,325000.0,303000,340000
서울 송파구,잠실엘스,84.8,2026-05,9,328000.0,323000,340000
서울 송파구,잠실엘스,84.8,2026-06,4,337500.0,322000,350000
서울 송파구,잠실엘스,84.8,2026-07,9,338000.0,320000,348000
서울 송파구,잠실엘스,84.8,2026-08,2,330000.0,325000,335000
서울 송파구,잠실엘스,84.9,2020-02,2,193500.0,192000,195000
서울 송파구,잠실엘스,84.9,2020-03,1,185300.0,185300,185300
서울 송파구,잠실엘스,84.9,2020-04,1,185000.0,185000,185000
서울 송파구,잠실엘스,84.9,2020-05,1,194000.0,194000,194000
서울 송파구,잠실엘스,84.9,2020-06,9,199000.0,185000,215000
서울 송파구,잠실엘스,84.9,2020-11,1,215000.0,215000,215000
서울 송파구,잠실엘스,84.9,2021-02,1,210000.0,210000,210000
서울 송파구,잠실엘스,84.9,2021-08,1,243000.0,243000,243000
서울 송파구,잠실엘스,84.9,2021-09,2,251500.0,245000,258000
서울 송파구,잠실엘스,84.9,2021-12,1,251000.0,251000,251000
서울 송파구,잠실엘스,84.9,2022-02,1,225000.0,225000,225000
서울 송파구,잠실엘스,84.9,2022-04,1,242000.0,242000,242000
서울 송파구,잠실엘스,84.9,2022-10,1,200000.0,200000,200000
서울 송파구,잠실엘스,84.9,2022-11,1,202000.0,202000,202000
서울 송파구,잠실엘스,84.9,2022-12,2,206000.0,202000,210000
서울 송파구,잠실엘스,84.9,2023-06,1,230000.0,230000,230000
서울 송파구,잠실엘스,84.9,2023-07,1,238000.0,238000,238000
서울 송파구,잠실엘스,84.9,2023-08,4,228000.0,219000,238000
서울 송파구,잠실엘스,84.9,2023-09,1,240000.0,240000,240000
서울 송파구,잠실엘스,84.9,2023-10,2,210500.0,186000,235000
서울 송파구,잠실엘스,84.9,2023-11,1,229000.0,229000,229000
서울 송파구,잠실엘스,84.9,2023-12,1,227500.0,227500,227500
서울 송파구,잠실엘스,84.9,2024-01,1,223000.0,223000,223000
서울 송파구,잠실엘스,84.9,2024-03,1,217000.0,217000,217000
서울 송파구,잠실엘스,84.9,2024-04,1,240000.0,240000,240000
서울 송파구,잠실엘스,84.9,2024-07,4,260000.0,257000,270000
서울 송파구,잠실엘스,84.9,2024-10,1,260000.0,260000,260000
서울 송파구,잠실엘스,84.9,2024-12,1,260000.0,260000,260000
서울 송파구,잠실엘스,84.9,2025-02,1,258500.0,258500,258500
서울 송파구,잠실엘스,84.9,2025-03,5,292000.0,270000,310000
서울 송파구,잠실엘스,84.9,2025-05,1,314000.0,314000,314000
서울 송파구,잠실엘스,84.9,2025-06,3,320000.0,320000,330000
서울 송파구,잠실엘스,84.9,2025-09,2,329500.0,325000,334000
서울 송파구,잠실엘스,84.9,2025-10,2,335000.0,330000,340000
서울 송파구,잠실엘스,84.9,2026-01,1,348000.0,348000,348000
서울 송파구,잠실엘스,84.9,2026-02,1,370000.0,370000,370000
서울 송파구,잠실엘스,84.9,2026-03,1,315000.0,315000,315000
서울 송파구,잠실엘스,84.9,2026-04,2,338000.0,337000,339000
서울 송파구,잠실엘스,84.9,2026-06,1,338000.0,338000,338000
서울 송파구,잠실엘스,84.9,2026-07,3,335000.0,335000,338500
서울 송파구,잠실엘스,84.9,2026-09,1,332500.0,332500,332500
서울 송파구,잠실엘스,85.0,2020-02,1,189000.0,189000,189000
서울 송파구,잠실엘스,85.0,2020-03,1,179500.0,179500,179500
서울 송파구,잠실엘스,85.0,2020-04,1,180000.0,180000,180000
서울 송파구,잠실엘스,85.0,2020-05,6,195000.0,182000,205000
서울 송파구,잠실엘스,85.0,2020-06,2,198500.0,192000,205000
서울 송파구,잠실엘스,85.0,2020-09,1,224000.0,224000,224000
서울 송파구,잠실엘스,85.0,2020-11,2,219000.0,213000,225000
서울 송파구,잠실엘스,85.0,2020-12,1,224000.0,224000,224000
서울 송파구,잠실엘스,85.0,2021-03,1,245000.0,245000,245000
서울 송파구,잠실엘스,85.0,2021-08,1,238000.0,238000,238000
서울 송파구,잠실엘스,85.0,2022-11,2,194500.0,190000,199000
서울 송파구,잠실엘스,85.0,2023-01,1,205000.0,205000,205000
서울 송파구,잠실엘스,85.0,2023-03,1,214000.0,214000,214000
서울 송파구,잠실엘스,85.0,2023-05,1,220000.0,220000,220000
서울 송파구,잠실엘스,85.0,2023-06,2,232500.0,230000,235000
서울 송파구,잠실엘스,85.0,2023-08,1,239000.0,239000,239000
서울 송파구,잠실엘스,85.0,2023-12,2,234500.0,223000,246000
서울 송파구,잠실엘스,85.0,2024-02,1,233500.0,233500,233500
서울 송파구,잠실엘스,85.0,2024-03,1,234000.0,234000,234000
서울 송파구,잠실엘스,85.0,2024-05,1,236000.0,236000,236000
서울 송파구,잠실엘스,85.0,2024-06,2,252000.0,249000,255000
서울 송파구,잠실엘스,85.0,2024-07,3,260000.0,250000,265000
서울 송파구,잠실엘스,85.0,2024-08,1,270000.0,270000,270000
서울 송파구,잠실엘스,85.0,2024-12,2,264350.0,260700,268000
서울 송파구,잠실엘스,85.0,2025-01,1,270000.0,270000,270000
서울 송파구,잠실엘스,85.0,2025-02,2,287500.0,270000,305000
서울 송파구,잠실엘스,85.0,2025-03,2,289000.0,283000,295000
서울 송파구,잠실엘스,85.0,2025-04,1,250000.0,250000,250000
서울 송파구,잠실엘스,85.0,2025-05,1,300000.0,300000,300000
서울 송파구,잠실엘스,85.0,2025-06,2,317500.0,315000,320000
서울 송파구,잠실엘스,85.0,2025-07,2,315000.0,300000,330000
서울 송파구,잠실엘스,85.0,2025-08,1,329000.0,329000,329000
서울 송파구,잠실엘스,85.0,2025-10,1,260000.0,260000,260000
서울 송파구,잠실엘스,85.0,2025-11,3,339500.0,330000,340000
서울 송파구,잠실엘스,85.0,2025-12,1,335000.0,335000,335000
서울 송파구,잠실엘스,85.0,2026-01,2,330000.0,330000,330000
서울 송파구,잠실엘스,85.0,2026-03,1,328000.0,328000,328000
서울 송파구,잠실엘스,85.0,2026-04,1,340000.0,340000,340000
서울 송파구,잠실엘스,85.0,2026-05,1,330000.0,330000,330000
서울 송파구,잠실엘스,85.0,2026-07,3,335000.0,325000,345000
서울 송파구,잠실엘스,85.0,2026-08,1,341000.0,341000,341000
서울 송파구,잠실엘스,119.9,2020-01,1,255000.0,255000,255000
서울 송파구,잠실엘스,119.9,2020-04,1,240000.0,240000,240000
서울 송파구,잠실엘스,119.9,2020-05,4,236000.0,219000,253000
서울 송파구,잠실엘스,119.9,2020-06,5,250000.0,230000,265000
서울 송파구,잠실엘스,119.9,2020-11,1,295000.0,295000,295000
서울 송파구,잠실엘스,119.9,2020-12,1,270000.0,270000,270000
서울 송파구,잠실엘스,119.9,2021-02,1,290000.0,290000,290000
서울 송파구,잠실엘스,119.9,2021-03,1,270000.0,270000,270000
서울 송파구,잠실엘스,119.9,2021-06,1,300000.0,300000,300000
서울 송파구,잠실엘스,119.9,2021-09,1,337000.0,337000,337000
서울 송파구,잠실엘스,119.9,2021-11,2,319500.0,299000,340000
서울 송파구,잠실엘스,119.9,2023-03,1,315000.0,315000,315000
서울 송파구,잠실엘스,119.9,2023-04,2,327500.0,315000,340000
서울 송파구,잠실엘스,119.9,2023-05,1,312000.0,312000,312000
서울 송파구,잠실엘스,119.9,2023-06,2,336500.0,328000,345000
서울 송파구,잠실엘스,119.9,2023-08,1,324500.0,324500,324500
서울 송파구,잠실엘스,119.9,2023-10,1,330000.0,330000,330000
서울 송파구,잠실엘스,119.9,2024-04,2,326000.0,322000,330000
서울 송파구,잠실엘스,119.9,2024-06,2,332500.0,316000,349000
서울 송파구,잠실엘스,119.9,2024-07,3,367000.0,300000,372000
서울 송파구,잠실엘스,119.9,2024-08,1,379000.0,379000,379000
서울 송파구,잠실엘스,119.9,2024-10,1,323200.0,323200,323200
서울 송파구,잠실엘스,119.9,2024-11,1,334000.0,334000,334000
서울 송파구,잠실엘스,119.9,2025-01,1,339000.0,339000,339000
서울 송파구,잠실엘스,119.9,2025-02,4,350000.0,312000,368000
서울 송파구,잠실엘스,119.9,2025-03,3,400000.0,399000,400000
서울 송파구,잠실엘스,119.9,2025-05,1,397000.0,397000,397000
서울 송파구,잠실엘스,119.9,2025-07,3,410000.0,398000,450000
서울 송파구,잠실엘스,119.9,2025-08,1,430000.0,430000,430000
서울 송파구,잠실엘스,119.9,2025-11,1,395000.0,395000,395000
서울 송파구,잠실엘스,119.9,2026-01,2,460000.0,460000,460000
서울 송파구,잠실엘스,119.9,2026-03,1,380000.0,380000,380000
서울 송파구,잠실엘스,119.9,2026-04,3,440000.0,407000,450000
서울 송파구,잠실엘스,119.9,2026-05,1,403000.0,403000,403000
서울 송파구,잠실엘스,119.9,2026-07,1,415000.0,415000,415000
서울 송파구,트리지움,59.9,2020-02,2,162500.0,160000,165000
서울 송파구,트리지움,59.9,2020-03,1,162900.0,162900,162900
서울 송파구,트리지움,59.9,2020-04,3,150000.0,144000,150000
서울 송파구,트리지움,59.9,2020-05,4,157000.0,143000,161000
서울 송파구,트리지움,59.9,2020-06,10,165500.0,146000,174000
서울 송파구,트리지움,59.9,2020-11,2,180750.0,177500,184000
서울 송파구,트리지움,59.9,2020-12,2,180000.0,180000,180000
서울 송파구,트리지움,59.9,2021-02,1,173000.0,173000,173000
서울 송파구,트리지움,59.9,2021-03,2,177750.0,175500,180000
서울 송파구,트리지움,59.9,2021-04,1,182000.0,182000,182000
서울 송파구,트리지움,59.9,2021-08,1,182000.0,182000,182000
서울 송파구,트리지움,59.9,2021-09,1,194500.0,194500,194500
서울 송파구,트리지움,59.9,2022-05,2,184750.0,178500,191000
서울 송파구,트리지움,59.9,2022-07,1,177000.0,177000,177000
서울 송파구,트리지움,59.9,2022-08,1,170000.0,170000,170000
서울 송파구,트리지움,59.9,2022-12,2,149750.0,149500,150000
서울 송파구,트리지움,59.9,2023-01,1,121000.0,121000,121000
서울 송파구,트리지움,59.9,2023-02,3,159500.0,158000,160000
서울 송파구,트리지움,59.9,2023-03,7,167000.0,159500,167500
서울 송파구,트리지움,59.9,2023-04,2,166000.0,165000,167000
서울 송파구,트리지움,59.9,2023-05,2,172500.0,170000,175000
서울 송파구,트리지움,59.9,2023-06,2,171500.0,167000,176000
서울 송파구,트리지움,59.9,2023-07,5,185000.0,170000,185000
서울 송파구,트리지움,59.9,2023-09,1,194000.0,194000,194000
서울 송파구,트리지움,59.9,2023-10,1,195500.0,195500,195500
서울 송파구,트리지움,59.9,2023-11,2,194500.0,194000,195000
서울 송파구,트리지움,59.9,2024-02,1,185000.0,185000,185000
서울 송파구,트리지움,59.9,2024-03,7,186000.0,181000,190000
서울 송파구,트리지움,59.9,2024-04,2,187500.0,185000,190000
서울 송파구,트리지움,59.9,2024-05,5,195000.0,190000,197000
서울 송파구,트리지움,59.9,2024-06,2,197000.0,196000,198000
서울 송파구,트리지움,59.9,2024-07,6,200000.0,193000,203000
서울 송파구,트리지움,59.9,2024-08,1,220000.0,220000,220000
서울 송파구,트리지움,59.9,2024-09,2,213500.0,210000,217000
서울 송파구,트리지움,59.9,2024-10,4,214500.0,200000,221000
서울 송파구,트리지움,59.9,2024-11,3,211000.0,210000,218000
서울 송파구,트리지움,59.9,2024-12,6,218000.0,199000,220000
서울 송파구,트리지움,59.9,2025-01,3,218000.0,200000,225500
서울 송파구,트리지움,59.9,2025-02,8,224250.0,207000,245000
서울 송파구,트리지움,59.9,2025-03,11,237500.0,210000,250000
서울 송파구,트리지움,59.9,2025-05,6,245000.0,240000,250000
서울 송파구,트리지움,59.9,2025-06,4,263000.0,260000,265000
서울 송파구,트리지움,59.9,2025-10,2,293000.0,290000,296000
서울 송파구,트리지움,59.9,2025-11,2,293500.0,292000,295000
서울 송파구,트리지움,59.9,2026-02,1,292000.0,292000,292000
서울 송파구,트리지움,59.9,2026-03,3,275000.0,260000,289000
서울 송파구,트리지움,59.9,2026-04,7,272000.0,269000,284000
서울 송파구,트리지움,59.9,2026-05,9,275000.0,268500,292000
서울 송파구,트리지움,59.9,2026-07,1,284000.0,284000,284000
서울 송파구,트리지움,59.9,2026-08,2,281500.0,271000,292000
서울 송파구,트리지움,84.8,2020-02,6,180000.0,178000,187500
서울 송파구,트리지움,84.8,2020-04,1,183000.0,183000,183000
서울 송파구,트리지움,84.8,2020-05,4,177000.0,173000,195000
서울 송파구,트리지움,84.8,2020-06,15,195000.0,175000,210000
서울 송파구,트리지움,84.8,2020-07,2,214500.0,214000,215000
서울 송파구,트리지움,84.8,2020-08,1,220000.0,220000,220000
서울 송파구,트리지움,84.8,2020-12,2,214750.0,205000,224500
서울 송파구,트리지움,84.8,2021-01,4,216500.0,210000,218000
서울 송파구,트리지움,84.8,2021-03,1,205000.0,205000,205000
서울 송파구,트리지움,84.8,2021-05,2,224750.0,224500,225000
서울 송파구,트리지움,84.8,2021-06,3,225000.0,222000,232500
서울 송파구,트리지움,84.8,2021-09,3,233000.0,230000,245000
서울 송파구,트리지움,84.8,2022-02,1,231000.0,231000,231000
서울 송파구,트리지움,84.8,2022-05,2,224000.0,218000,230000
서울 송파구,트리지움,84.8,2022-07,1,210000.0,210000,210000
서울 송파구,트리지움,84.8,2022-10,1,195000.0,195000,195000
서울 송파구,트리지움,84.8,2022-11,2,184000.0,183000,185000
서울 송파구,트리지움,84.8,2022-12,1,185000.0,185000,185000
서울 송파구,트리지움,84.8,2023-01,2,183750.0,182500,185000
서울 송파구,트리지움,84.8,2023-02,7,190000.0,185000,197000
서울 송파구,트리지움,84.8,2023-03,6,200000.0,195000,210000
서울 송파구,트리지움,84.8,2023-04,2,200000.0,190000,210000
서울 송파구,트리지움,84.8,2023-05,1,210000.0,210000,210000
서울 송파구,트리지움,84.8,2023-06,4,215000.0,208000,220000
서울 송파구,트리지움,84.8,2023-07,1,227500.0,227500,227500
서울 송파구,트리지움,84.8,2023-09,4,228000.0,228000,238000
서울 송파구,트리지움,84.8,2023-10,1,230000.0,230000,230000
서울 송파구,트리지움,84.8,2023-11,1,230000.0,230000,230000
서울 송파구,트리지움,84.8,2024-03,4,220250.0,215000,230000
서울 송파구,트리지움,84.8,2024-04,2,224500.0,215000,234000
서울 송파구,트리지움,84.8,2024-05,4,232500.0,226000,237000
서울 송파구,트리지움,84.8,2024-06,5,228000.0,218000,238000
서울 송파구,트리지움,84.8,2024-07,6,235500.0,230000,246000
서울 송파구,트리지움,84.8,2024-08,4,249000.0,240000,259000
서울 송파구,트리지움,84.8,2024-09,1,260000.0,260000,260000
서울 송파구,트리지움,84.8,2024-10,2,255500.0,246000,265000
서울 송파구,트리지움,84.8,2024-11,4,255500.0,242000,261000
서울 송파구,트리지움,84.8,2024-12,2,251250.0,246000,256500
서울 송파구,트리지움,84.8,2025-01,2,236250.0,221000,251500
서울 송파구,트리지움,84.8,2025-02,9,264000.0,250000,275000
서울 송파구,트리지움,84.8,2025-03,9,288000.0,275000,301000
서울 송파구,트리지움,84.8,2025-05,6,283500.0,265000,299000
서울 송파구,트리지움,84.8,2025-06,8,307500.0,270000,320000
서울 송파구,트리지움,84.8,2025-07,1,325000.0,325000,325000
서울 송파구,트리지움,84.8,2025-09,4,320000.0,290000,324000
서울 송파구,트리지움,84.8,2025-10,6,318000.0,307000,323000
서울 송파구,트리지움,84.8,2025-11,2,319000.0,315000,323000
서울 송파구,트리지움,84.8,2025-12,1,320000.0,320000,320000
서울 송파구,트리지움,84.8,2026-01,4,324000.0,320000,335000
서울 송파구,트리지움,84.8,2026-03,1,300000.0,300000,300000
서울 송파구,트리지움,84.8,2026-04,10,310000.0,295000,322000
서울 송파구,트리지움,84.8,2026-05,9,319000.0,305000,325000
서울 송파구,트리지움,84.8,2026-06,2,317000.0,314000,320000
서울 송파구,트리지움,84.8,2026-07,3,320000.0,320000,326000
서울 송파구,트리지움,84.8,2026-08,1,322000.0,322000,322000
서울 송파구,트리지움,85.0,2020-01,1,180000.0,180000,180000
서울 송파구,트리지움,85.0,2020-02,1,181000.0,181000,181000
서울 송파구,트리지움,85.0,2020-03,1,168000.0,168000,168000
서울 송파구,트리지움,85.0,2020-04,2,171000.0,167000,175000
서울 송파구,트리지움,85.0,2020-05,4,176500.0,173500,180000
서울 송파구,트리지움,85.0,2020-06,6,199500.0,184000,210000
서울 송파구,트리지움,85.0,2020-10,1,204000.0,204000,204000
서울 송파구,트리지움,85.0,2020-11,1,208000.0,208000,208000
서울 송파구,트리지움,85.0,2020-12,3,212000.0,208000,212000
서울 송파구,트리지움,85.0,2021-01,2,217500.0,215000,220000
서울 송파구,트리지움,85.0,2021-02,1,208000.0,208000,208000
서울 송파구,트리지움,85.0,2021-04,2,207000.0,207000,207000
서울 송파구,트리지움,85.0,2021-05,2,215000.0,210000,220000
서울 송파구,트리지움,85.0,2021-08,1,226000.0,226000,226000
서울 송파구,트리지움,85.0,2021-09,4,234750.0,228000,239500
서울 송파구,트리지움,85.0,2021-11,2,242000.0,242000,242000
서울 송파구,트리지움,85.0,2022-06,1,230000.0,230000,230000
서울 송파구,트리지움,85.0,2022-07,1,213000.0,213000,213000
서울 송파구,트리지움,85.0,2022-08,1,208000.0,208000,208000
서울 송파구,트리지움,85.0,2022-10,1,180000.0,180000,180000
서울 송파구,트리지움,85.0,2022-11,1,179000.0,179000,179000
서울 송파구,트리지움,85.0,2023-01,2,178000.0,177000,179000
서울 송파구,트리지움,85.0,2023-03,2,175500.0,174000,177000
서울 송파구,트리지움,85.0,2023-04,3,203000.0,178000,210000
서울 송파구,트리지움,85.0,2023-05,1,213000.0,213000,213000
서울 송파구,트리지움,85.0,2023-06,2,215000.0,213000,217000
서울 송파구,트리지움,85.0,2023-07,3,208000.0,207500,218000
서울 송파구,트리지움,85.0,2023-08,2,222500.0,215000,230000
서울 송파구,트리지움,85.0,2023-09,3,220000.0,220000,234000
서울 송파구,트리지움,85.0,2023-10,2,224500.0,219500,229500
서울 송파구,트리지움,85.0,2023-11,2,224500.0,224000,225000
서울 송파구,트리지움,85.0,2023-12,1,225000.0,225000,225000
서울 송파구,트리지움,85.0,2024-02,2,201500.0,199000,204000
서울 송파구,트리지움,85.0,2024-03,3,220000.0,215000,225000
서울 송파구,트리지움,85.0,2024-04,2,224000.0,222000,226000
서울 송파구,트리지움,85.0,2024-05,2,217000.0,210000,224000
서울 송파구,트리지움,85.0,2024-06,3,224000.0,218000,225000
서울 송파구,트리지움,85.0,2024-07,2,235000.0,235000,235000
서울 송파구,트리지움,85.0,2024-08,1,260000.0,260000,260000
서울 송파구,트리지움,85.0,2024-09,1,226000.0,226000,226000
서울 송파구,트리지움,85.0,2024-11,3,247000.0,239000,248500
서울 송파구,트리지움,85.0,2024-12,2,248000.0,248000,248000
서울 송파구,트리지움,85.0,2025-01,3,245000.0,235000,250000
서울 송파구,트리지움,85.0,2025-02,12,253500.0,241000,280000
서울 송파구,트리지움,85.0,2025-03,5,284000.0,275000,295000
서울 송파구,트리지움,85.0,2025-04,1,275000.0,275000,275000
서울 송파구,트리지움,85.0,2025-05,5,282500.0,280000,290000
서울 송파구,트리지움,85.0,2025-06,6,307750.0,288000,320000
서울 송파구,트리지움,85.0,2025-07,2,325000.0,320000,330000
서울 송파구,트리지움,85.0,2025-10,1,305000.0,305000,305000
서울 송파구,트리지움,85.0,2025-11,4,316500.0,309500,321000
서울 송파구,트리지움,85.0,2026-01,5,317000.0,310000,328000
서울 송파구,트리지움,85.0,2026-02,2,325500.0,321000,330000
서울 송파구,트리지움,85.0,2026-04,7,310000.0,288500,318000
서울 송파구,트리지움,85.0,2026-05,3,308000.0,303000,313000
서울 송파구,트리지움,85.0,2026-06,3,310000.0,301000,317000
서울 송파구,트리지움,85.0,2026-07,4,321500.0,306500,328000
서울 송파구,트리지움,85.0,2026-08,1,322000.0,322000,322000
서울 송파구,트리지움,85.0,2026-09,2,315500.0,310000,321000
서울 송파구,트리지움,114.7,2020-02,1,210500.0,210500,210500
서울 송파구,트리지움,114.7,2020-04,1,199500.0,199500,199500
서울 송파구,트리지움,114.7,2020-05,3,210000.0,202300,212000
서울 송파구,트리지움,114.7,2020-06,3,220000.0,206500,229000
서울 송파구,트리지움,114.7,2020-08,1,215000.0,215000,215000
서울 송파구,트리지움,114.7,2020-12,2,258950.0,257900,260000
서울 송파구,트리지움,114.7,2021-01,2,266500.0,264000,269000
서울 송파구,트리지움,114.7,2021-03,1,273000.0,273000,273000
서울 송파구,트리지움,114.7,2022-05,1,274000.0,274000,274000
서울 송파구,트리지움,114.7,2022-10,1,232500.0,232500,232500
서울 송파구,트리지움,114.7,2023-01,2,239000.0,231000,247000
서울 송파구,트리지움,114.7,2023-03,5,237500.0,225000,254000
서울 송파구,트리지움,114.7,2023-04,2,250000.0,245000,255000
서울 송파구,트리지움,114.7,2023-06,1,255000.0,255000,255000
서울 송파구,트리지움,114.7,2023-08,2,261000.0,260000,262000
서울 송파구,트리지움,114.7,2024-04,1,274500.0,274500,274500
서울 송파구,트리지움,114.7,2024-05,1,260000.0,260000,260000
서울 송파구,트리지움,114.7,2024-06,1,275000.0,275000,275000
서울 송파구,트리지움,114.7,2024-07,4,278500.0,269000,280000
서울 송파구,트리지움,114.7,2024-08,1,275600.0,275600,275600
서울 송파구,트리지움,114.7,2024-10,1,280000.0,280000,280000
서울 송파구,트리지움,114.7,2024-11,1,300000.0,300000,300000
서울 송파구,트리지움,114.7,2025-02,2,327500.0,315000,340000
서울 송파구,트리지움,114.7,2025-03,2,339000.0,338000,340000
서울 송파구,트리지움,114.7,2025-05,1,340000.0,340000,340000
서울 송파구,트리지움,114.7,2025-06,4,355500.0,330000,369000
서울 송파구,트리지움,114.7,2025-09,1,353000.0,353000,353000
서울 송파구,트리지움,114.7,2025-10,1,380000.0,380000,380000
서울 송파구,트리지움,114.7,2026-01,1,368000.0,368000,368000
서울 송파구,트리지움,114.7,2026-02,1,375000.0,375000,375000
서울 송파구,트리지움,114.7,2026-03,2,358000.0,345000,371000
서울 송파구,트리지움,114.7,2026-04,3,360000.0,339000,360000
서울 송파구,트리지움,114.7,2026-05,3,361000.0,347000,363000
서울 송파구,트리지움,114.7,2026-07,1,359000.0,359000,359000
서울 송파구,트리지움,149.4,2020-03,1,230000.0,230000,230000
서울 송파구,트리지움,149.4,2020-05,1,238500.0,238500,238500
서울 송파구,트리지움,149.4,2020-06,4,241250.0,232000,253000
서울 송파구,트리지움,149.4,2020-07,1,274000.0,274000,274000
서울 송파구,트리지움,149.4,2020-11,1,270000.0,270000,270000
서울 송파구,트리지움,149.4,2022-10,1,285000.0,285000,285000
서울 송파구,트리지움,149.4,2023-01,2,312500.0,285000,340000
서울 송파구,트리지움,149.4,2023-03,1,298500.0,298500,298500
서울 송파구,트리지움,149.4,2023-05,2,278000.0,273000,283000
서울 송파구,트리지움,149.4,2023-08,2,292000.0,280000,304000
서울 송파구,트리지움,149.4,2023-09,1,304000.0,304000,304000
서울 송파구,트리지움,149.4,2024-03,1,320000.0,320000,320000
서울 송파구,트리지움,149.4,2024-07,1,330000.0,330000,330000
서울 송파구,트리지움,149.4,2024-08,2,348500.0,347000,350000
서울 송파구,트리지움,149.4,2024-10,1,365000.0,365000,365000
서울 송파구,트리지움,149.4,2025-02,1,360000.0,360000,360000
서울 송파구,트리지움,149.4,2025-03,3,380000.0,380000,410000
서울 송파구,트리지움,149.4,2025-05,1,365000.0,365000,365000
서울 송파구,트리지움,149.4,2025-07,1,399000.0,399000,399000
서울 송파구,트리지움,149.4,2025-10,1,430000.0,430000,430000
서울 송파구,트리지움,149.4,2026-01,1,409000.0,409000,409000
서울 송파구,트리지움,149.4,2026-03,1,390000.0,390000,390000
서울 송파구,트리지움,149.4,2026-05,2,386000.0,382000,390000
서울 송파구,트리지움,149.4,2026-07,1,417000.0,417000,417000
서울 송파구,트윈레이크팰리스빌,28.1,2022-03,1,35500.0,35500,35500
서울 송파구,트윈레이크팰리스빌,28.1,2022-06,1,37800.0,37800,37800
서울 송파구,트윈레이크팰리스빌,28.1,2024-01,1,33000.0,33000,33000
서울 송파구,트윈레이크팰리스빌,28.1,2026-02,1,36500.0,36500,36500
서울 송파구,트윈레이크팰리스빌,29.2,2021-04,1,32800.0,32800,32800
서울 송파구,트윈레이크팰리스빌,29.2,2021-06,1,34000.0,34000,34000
서울 송파구,트윈레이크팰리스빌,29.2,2022-01,1,36700.0,36700,36700
서울 송파구,트윈레이크팰리스빌,29.2,2022-04,1,37500.0,37500,37500
서울 송파구,트윈레이크팰리스빌,29.4,2024-09,1,36000.0,36000,36000
성남시 분당구,동양정자파라곤(1단지),85.0,2024-06,1,145000.0,145000,145000
성남시 분당구,동양정자파라곤(1단지),85.0,2025-04,1,160000.0,160000,160000
성남시 분당구,동양정자파라곤(1단지),85.0,2025-09,1,175000.0,175000,175000
성남시 분당구,동양정자파라곤(1단지),140.2,2023-06,2,169000.0,169000,169000
성남시 분당구,동양정자파라곤(1단지),140.2,2025-06,1,205000.0,205000,205000
성남시 분당구,동양정자파라곤(1단지),146.4,2022-04,2,182500.0,179000,186000
성남시 분당구,동양정자파라곤(1단지),146.4,2022-11,1,165000.0,165000,165000
성남시 분당구,동양정자파라곤(1단지),146.4,2023-08,1,168000.0,168000,168000
성남시 분당구,동양정자파라곤(1단지),146.4,2023-09,1,181000.0,181000,181000
성남시 분당구,동양정자파라곤(1단지),146.4,2024-02,1,170000.0,170000,170000
성남시 분당구,동양정자파라곤(1단지),146.4,2024-06,1,185000.0,185000,185000
성남시 분당구,동양정자파라곤(1단지),146.4,2024-07,1,179900.0,179900,179900
성남시 분당구,동양정자파라곤(1단지),146.4,2024-09,1,189500.0,189500,189500
성남시 분당구,동양정자파라곤(1단지),146.4,2025-07,1,199000.0,199000,199000
성남시 분당구,동양정자파라곤(1단지),146.4,2025-09,1,213000.0,213000,213000
성남시 분당구,동양정자파라곤(1단지),146.4,2026-01,1,205000.0,205000,205000
성남시 분당구,동양정자파라곤(1단지),166.4,2020-05,1,138000.0,138000,138000
성남시 분당구,동양정자파라곤(1단지),166.4,2020-07,1,150000.0,150000,150000
성남시 분당구,동양정자파라곤(1단지),166.4,2021-04,1,184000.0,184000,184000
성남시 분당구,동양정자파라곤(1단지),166.4,2021-05,1,179000.0,179000,179000
성남시 분당구,동양정자파라곤(1단지),166.4,2022-06,1,191000.0,191000,191000
성남시 분당구,동양정자파라곤(1단지),166.4,2024-06,1,185000.0,185000,185000
성남시 분당구,동양정자파라곤(1단지),166.4,2025-06,1,203000.0,203000,203000
성남시 분당구,동양정자파라곤(1단지),166.4,2025-09,1,205000.0,205000,205000
성남시 분당구,동양정자파라곤(1단지),166.4,2026-04,1,203500.0,203500,203500
성남시 분당구,동양정자파라곤(1단지),166.4,2026-06,1,213500.0,213500,213500
성남시 분당구,동양정자파라곤(1단지),193.8,2026-07,1,280000.0,280000,280000
성남시 분당구,동양정자파라곤(2단지),80.1,2020-11,1,122000.0,122000,122000
성남시 분당구,동양정자파라곤(2단지),80.1,2023-09,1,130000.0,130000,130000
성남시 분당구,동양정자파라곤(2단지),80.1,2024-05,2,132000.0,129000,135000
성남시 분당구,동양정자파라곤(2단지),80.1,2025-10,1,167000.0,167000,167000
성남시 분당구,동양정자파라곤(2단지),80.1,2026-04,1,188000.0,188000,188000
성남시 분당구,동양정자파라곤(2단지),85.0,2021-02,1,162500.0,162500,162500
성남시 분당구,동양정자파라곤(2단지),85.0,2022-01,1,160000.0,160000,160000
성남시 분당구,동양정자파라곤(2단지),85.0,2026-05,1,170000.0,170000,170000
성남시 분당구,동양정자파라곤(2단지),146.4,2020-03,1,136000.0,136000,136000
성남시 분당구,동양정자파라곤(2단지),146.4,2020-09,2,139000.0,137000,141000
성남시 분당구,동양정자파라곤(2단지),146.4,2021-05,1,173000.0,173000,173000
성남시 분당구,동양정자파라곤(2단지),146.4,2022-06,1,185000.0,185000,185000
성남시 분당구,동양정자파라곤(2단지),146.4,2023-04,1,165000.0,165000,165000
성남시 분당구,동양정자파라곤(2단지),146.4,2023-06,1,174000.0,174000,174000
성남시 분당구,동양정자파라곤(2단지),146.4,2023-07,1,172500.0,172500,172500
성남시 분당구,동양정자파라곤(2단지),146.4,2024-01,1,177500.0,177500,177500
성남시 분당구,동양정자파라곤(2단지),146.4,2024-05,1,183000.0,183000,183000
성남시 분당구,동양정자파라곤(2단지),146.4,2025-09,1,210000.0,210000,210000
성남시 분당구,동양정자파라곤(2단지),146.4,2026-06,1,210000.0,210000,210000
성남시 분당구,동양정자파라곤(2단지),166.4,2020-06,1,147500.0,147500,147500
성남시 분당구,동양정자파라곤(2단지),166.4,2020-09,1,157800.0,157800,157800
성남시 분당구,동양정자파라곤(2단지),166.4,2020-11,1,156700.0,156700,156700
성남시 분당구,동양정자파라곤(2단지),166.4,2021-05,2,173000.0,170500,175500
성남시 분당구,동양정자파라곤(2단지),166.4,2022-01,1,180000.0,180000,180000
성남시 분당구,동양정자파라곤(2단지),166.4,2022-03,1,190000.0,190000,190000
성남시 분당구,동양정자파라곤(2단지),166.4,2023-08,1,174500.0,174500,174500
성남시 분당구,동양정자파라곤(2단지),166.4,2024-01,1,179000.0,179000,179000
성남시 분당구,동양정자파라곤(2단지),166.4,2025-05,1,199000.0,199000,199000
성남시 분당구,동양정자파라곤(2단지),166.4,2026-06,1,231500.0,231500,231500
성남시 분당구,동양정자파라곤(2단지),193.8,2020-04,1,190000.0,190000,190000
성남시 분당구,동양정자파라곤(2단지),193.8,2021-01,1,253000.0,253000,253000
성남시 분당구,동양정자파라곤(3단지),80.1,2020-07,1,115000.0,115000,115000
성남시 분당구,동양정자파라곤(3단지),80.1,2020-11,1,123000.0,123000,123000
성남시 분당구,동양정자파라곤(3단지),80.1,2020-12,1,140000.0,140000,140000
성남시 분당구,동양정자파라곤(3단지),80.1,2023-07,1,130000.0,130000,130000
성남시 분당구,동양정자파라곤(3단지),80.1,2025-08,1,163000.0,163000,163000
성남시 분당구,동양정자파라곤(3단지),146.4,2020-02,1,140000.0,140000,140000
성남시 분당구,동양정자파라곤(3단지),146.4,2021-01,1,152000.0,152000,152000
성남시 분당구,동양정자파라곤(3단지),146.4,2021-06,1,169000.0,169000,169000
성남시 분당구,동양정자파라곤(3단지),146.4,2022-05,1,185000.0,185000,185000
성남시 분당구,동양정자파라곤(3단지),146.4,2022-07,1,181000.0,181000,181000
성남시 분당구,동양정자파라곤(3단지),146.4,2022-10,1,165000.0,165000,165000
성남시 분당구,동양정자파라곤(3단지),146.4,2023-01,1,160000.0,160000,160000
성남시 분당구,동양정자파라곤(3단지),146.4,2023-08,1,171000.0,171000,171000
성남시 분당구,동양정자파라곤(3단지),146.4,2023-11,1,169000.0,169000,169000
성남시 분당구,동양정자파라곤(3단지),146.4,2024-02,1,178000.0,178000,178000
성남시 분당구,동양정자파라곤(3단지),146.4,2024-05,1,174000.0,174000,174000
성남시 분당구,동양정자파라곤(3단지),146.4,2026-04,1,198000.0,198000,198000
성남시 분당구,동양정자파라곤(3단지),166.4,2020-06,1,105000.0,105000,105000
성남시 분당구,동양정자파라곤(3단지),166.4,2022-03,1,198000.0,198000,198000
성남시 분당구,동양정자파라곤(3단지),166.4,2022-07,1,194000.0,194000,194000
성남시 분당구,동양정자파라곤(3단지),166.4,2023-12,1,210000.0,210000,210000
성남시 분당구,동양정자파라곤(3단지),166.4,2025-03,1,203930.0,203930,203930
성남시 분당구,동양정자파라곤(3단지),166.4,2025-05,1,213000.0,213000,213000
성남시 분당구,동양정자파라곤(3단지),166.4,2025-08,1,175000.0,175000,175000
성남시 분당구,동양정자파라곤(3단지),166.4,2026-04,1,205000.0,205000,205000
성남시 분당구,동양정자파라곤(3단지),193.8,2020-09,1,205000.0,205000,205000
성남시 분당구,산운마을11단지(판교포레라움),51.1,2020-01,2,59725.0,48950,70500
성남시 분당구,산운마을11단지(판교포레라움),51.1,2020-02,4,66650.0,63000,74000
성남시 분당구,산운마을11단지(판교포레라움),51.1,2020-03,2,73150.0,71800,74500
성남시 분당구,산운마을11단지(판교포레라움),51.1,2020-04,2,68000.0,63000,73000
성남시 분당구,산운마을11단지(판교포레라움),51.1,2020-06,1,78000.0,78000,78000
성남시 분당구,산운마을11단지(판교포레라움),51.1,2020-08,2,75950.0,71900,80000
성남시 분당구,산운마을11단지(판교포레라움),51.1,2020-10,1,85500.0,85500,85500
성남시 분당구,산운마을11단지(판교포레라움),51.1,2020-11,1,86800.0,86800,86800
성남시 분당구,산운마을11단지(판교포레라움),51.1,2021-02,1,94000.0,94000,94000
성남시 분당구,산운마을11단지(판교포레라움),51.1,2023-02,1,78400.0,78400,78400
성남시 분당구,산운마을11단지(판교포레라움),51.1,2023-04,3,81500.0,77500,82300
성남시 분당구,산운마을11단지(판교포레라움),51.1,2023-05,1,88000.0,88000,88000
성남시 분당구,산운마을11단지(판교포레라움),51.1,2023-07,1,93000.0,93000,93000
성남시 분당구,산운마을11단지(판교포레라움),51.1,2023-08,1,89000.0,89000,89000
성남시 분당구,산운마을11단지(판교포레라움),51.1,2023-09,1,83000.0,83000,83000
성남시 분당구,산운마을11단지(판교포레라움),51.1,2024-05,3,88000.0,87600,91500
성남시 분당구,산운마을11단지(판교포레라움),51.1,2024-06,2,88600.0,87700,89500
성남시 분당구,산운마을11단지(판교포레라움),51.1,2024-07,3,91000.0,88500,92000
성남시 분당구,산운마을11단지(판교포레라움),51.1,2025-03,1,100000.0,100000,100000
성남시 분당구,산운마을11단지(판교포레라움),51.1,2025-06,1,100500.0,100500,100500
성남시 분당구,산운마을11단지(판교포레라움),51.1,2025-09,1,111000.0,111000,111000
성남시 분당구,산운마을11단지(판교포레라움),51.1,2025-10,1,117000.0,117000,117000
성남시 분당구,산운마을11단지(판교포레라움),51.1,2025-11,1,125000.0,125000,125000
성남시 분당구,산운마을11단지(판교포레라움),51.1,2026-02,1,132000.0,132000,132000
성남시 분당구,산운마을11단지(판교포레라움),51.1,2026-04,2,136250.0,134500,138000
성남시 분당구,산운마을11단지(판교포레라움),51.2,2020-01,5,63000.0,59000,73900
성남시 분당구,산운마을11단지(판교포레라움),51.2,2020-02,4,72500.0,65000,75000
성남시 분당구,산운마을11단지(판교포레라움),51.2,2020-03,1,75500.0,75500,75500
성남시 분당구,산운마을11단지(판교포레라움),51.2,2020-04,2,72250.0,72000,72500
성남시 분당구,산운마을11단지(판교포레라움),51.2,2020-05,2,74250.0,72800,75700
성남시 분당구,산운마을11단지(판교포레라움),51.2,2020-06,2,63500.0,53000,74000
성남시 분당구,산운마을11단지(판교포레라움),51.2,2020-07,2,74750.0,73500,76000
성남시 분당구,산운마을11단지(판교포레라움),51.2,2020-08,2,73500.0,70000,77000
성남시 분당구,산운마을11단지(판교포레라움),51.2,2020-09,1,83500.0,83500,83500
성남시 분당구,산운마을11단지(판교포레라움),51.2,2020-10,3,86500.0,81000,89500
성남시 분당구,산운마을11단지(판교포레라움),51.2,2020-12,1,88000.0,88000,88000
성남시 분당구,산운마을11단지(판교포레라움),51.2,2021-02,1,99700.0,99700,99700
성남시 분당구,산운마을11단지(판교포레라움),51.2,2021-07,1,108000.0,108000,108000
성남시 분당구,산운마을11단지(판교포레라움),51.2,2021-10,1,107300.0,107300,107300
성남시 분당구,산운마을11단지(판교포레라움),51.2,2022-06,1,104000.0,104000,104000
성남시 분당구,산운마을11단지(판교포레라움),51.2,2023-05,1,87000.0,87000,87000
성남시 분당구,산운마을11단지(판교포레라움),51.2,2024-02,2,86400.0,85000,87800
성남시 분당구,산운마을11단지(판교포레라움),51.2,2024-05,1,88000.0,88000,88000
성남시 분당구,산운마을11단지(판교포레라움),51.2,2024-06,1,90000.0,90000,90000
성남시 분당구,산운마을11단지(판교포레라움),51.2,2024-07,1,99000.0,99000,99000
성남시 분당구,산운마을11단지(판교포레라움),51.2,2024-10,1,98800.0,98800,98800
성남시 분당구,산운마을11단지(판교포레라움),51.2,2025-02,2,101000.0,96500,105500
성남시 분당구,산운마을11단지(판교포레라움),51.2,2025-03,3,104000.0,100000,106500
성남시 분당구,산운마을11단지(판교포레라움),51.2,2025-04,2,101250.0,100000,102500
성남시 분당구,산운마을11단지(판교포레라움),51.2,2025-05,1,104500.0,104500,104500
성남시 분당구,산운마을11단지(판교포레라움),51.2,2025-06,2,105250.0,103500,107000
성남시 분당구,산운마을11단지(판교포레라움),51.2,2025-08,1,104000.0,104000,104000
성남시 분당구,산운마을11단지(판교포레라움),51.2,2025-09,5,111000.0,105000,120000
성남시 분당구,산운마을11단지(판교포레라움),51.2,2025-10,1,75000.0,75000,75000
성남시 분당구,산운마을11단지(판교포레라움),51.2,2026-04,2,130500.0,126000,135000
성남시 분당구,산운마을11단지(판교포레라움),51.2,2026-05,1,129500.0,129500,129500
성남시 분당구,산운마을11단지(판교포레라움),51.2,2026-06,2,138500.0,138000,139000
성남시 분당구,산운마을11단지(판교포레라움),51.2,2026-07,4,144900.0,144500,146000
성남시 분당구,산운마을11단지(판교포레라움),51.2,2026-08,1,138000.0,138000,138000
성남시 분당구,산운마을11단지(판교포레라움),59.8,2020-01,1,75000.0,75000,75000
성남시 분당구,산운마을11단지(판교포레라움),59.8,2020-02,4,79500.0,73500,84700
성남시 분당구,산운마을11단지(판교포레라움),59.8,2020-03,8,79250.0,76000,86000
성남시 분당구,산운마을11단지(판교포레라움),59.8,2020-04,4,84750.0,80000,86500
성남시 분당구,산운마을11단지(판교포레라움),59.8,2020-05,2,86850.0,85000,88700
성남시 분당구,산운마을11단지(판교포레라움),59.8,2020-06,6,85000.0,81800,87500
성남시 분당구,산운마을11단지(판교포레라움),59.8,2020-07,7,85800.0,83000,88500
성남시 분당구,산운마을11단지(판교포레라움),59.8,2020-08,3,85000.0,82000,89800
성남시 분당구,산운마을11단지(판교포레라움),59.8,2020-09,1,89500.0,89500,89500
성남시 분당구,산운마을11단지(판교포레라움),59.8,2020-10,3,89800.0,86000,103200
성남시 분당구,산운마을11단지(판교포레라움),59.8,2020-11,3,100000.0,98500,100000
성남시 분당구,산운마을11단지(판교포레라움),59.8,2020-12,4,96500.0,75000,113800
성남시 분당구,산운마을11단지(판교포레라움),59.8,2021-01,3,114500.0,105000,115000
성남시 분당구,산운마을11단지(판교포레라움),59.8,2021-02,2,119650.0,119500,119800
성남시 분당구,산운마을11단지(판교포레라움),59.8,2021-05,1,79200.0,79200,79200
성남시 분당구,산운마을11단지(판교포레라움),59.8,2021-08,1,124650.0,124650,124650
성남시 분당구,산운마을11단지(판교포레라움),59.8,2022-02,1,118000.0,118000,118000
성남시 분당구,산운마을11단지(판교포레라움),59.8,2022-03,1,121000.0,121000,121000
성남시 분당구,산운마을11단지(판교포레라움),59.8,2023-02,2,97750.0,95000,100500
성남시 분당구,산운마을11단지(판교포레라움),59.8,2023-07,1,105000.0,105000,105000
성남시 분당구,산운마을11단지(판교포레라움),59.8,2023-12,1,103500.0,103500,103500
성남시 분당구,산운마을11단지(판교포레라움),59.8,2024-03,1,107500.0,107500,107500
성남시 분당구,산운마을11단지(판교포레라움),59.8,2024-04,3,106000.0,102000,109000
성남시 분당구,산운마을11단지(판교포레라움),59.8,2024-05,1,108000.0,108000,108000
성남시 분당구,산운마을11단지(판교포레라움),59.8,2024-06,3,110000.0,69000,110000
성남시 분당구,산운마을11단지(판교포레라움),59.8,2024-07,3,112500.0,112200,115000
성남시 분당구,산운마을11단지(판교포레라움),59.8,2024-08,4,113500.0,105500,121000
성남시 분당구,산운마을11단지(판교포레라움),59.8,2024-10,1,109000.0,109000,109000
성남시 분당구,산운마을11단지(판교포레라움),59.8,2024-11,5,119000.0,100000,120000
성남시 분당구,산운마을11단지(판교포레라움),59.8,2025-01,1,120000.0,120000,120000
성남시 분당구,산운마을11단지(판교포레라움),59.8,2025-02,1,120000.0,120000,120000
성남시 분당구,산운마을11단지(판교포레라움),59.8,2025-03,7,116500.0,110000,120000
성남시 분당구,산운마을11단지(판교포레라움),59.8,2025-04,2,116000.0,115000,117000
성남시 분당구,산운마을11단지(판교포레라움),59.8,2025-05,3,122000.0,111000,125000
성남시 분당구,산운마을11단지(판교포레라움),59.8,2025-06,2,120350.0,118000,122700
성남시 분당구,산운마을11단지(판교포레라움),59.8,2025-08,1,118000.0,118000,118000
성남시 분당구,산운마을11단지(판교포레라움),59.8,2025-09,7,125000.0,112700,130000
성남시 분당구,산운마을11단지(판교포레라움),59.8,2025-10,2,138250.0,135000,141500
성남시 분당구,산운마을11단지(판교포레라움),59.8,2026-01,1,149000.0,149000,149000
성남시 분당구,산운마을11단지(판교포레라움),59.8,2026-02,2,147150.0,139800,154500
성남시 분당구,산운마을11단지(판교포레라움),59.8,2026-03,3,160000.0,149800,162000
성남시 분당구,산운마을11단지(판교포레라움),59.8,2026-06,1,162000.0,162000,162000
성남시 분당구,산운마을11단지(판교포레라움),59.9,2020-01,2,79300.0,73600,85000
성남시 분당구,산운마을11단지(판교포레라움),59.9,2020-02,3,69000.0,66800,83000
성남시 분당구,산운마을11단지(판교포레라움),59.9,2020-03,5,85000.0,78300,89500
성남시 분당구,산운마을11단지(판교포레라움),59.9,2020-04,1,88200.0,88200,88200
성남시 분당구,산운마을11단지(판교포레라움),59.9,2020-05,1,83800.0,83800,83800
성남시 분당구,산운마을11단지(판교포레라움),59.9,2020-06,8,82250.0,80000,89000
성남시 분당구,산운마을11단지(판교포레라움),59.9,2020-07,3,84000.0,63000,89800
성남시 분당구,산운마을11단지(판교포레라움),59.9,2020-08,4,89500.0,83000,94500
성남시 분당구,산운마을11단지(판교포레라움),59.9,2020-10,2,97650.0,97000,98300
성남시 분당구,산운마을11단지(판교포레라움),59.9,2020-11,3,99000.0,95500,99900
성남시 분당구,산운마을11단지(판교포레라움),59.9,2021-01,1,117000.0,117000,117000
성남시 분당구,산운마을11단지(판교포레라움),59.9,2021-02,1,121000.0,121000,121000
성남시 분당구,산운마을11단지(판교포레라움),59.9,2022-12,1,100000.0,100000,100000
성남시 분당구,산운마을11단지(판교포레라움),59.9,2023-05,1,104000.0,104000,104000
성남시 분당구,산운마을11단지(판교포레라움),59.9,2023-06,1,100000.0,100000,100000
성남시 분당구,산운마을11단지(판교포레라움),59.9,2023-07,1,99700.0,99700,99700
성남시 분당구,산운마을11단지(판교포레라움),59.9,2023-08,1,110000.0,110000,110000
성남시 분당구,산운마을11단지(판교포레라움),59.9,2023-09,2,110000.0,110000,110000
성남시 분당구,산운마을11단지(판교포레라움),59.9,2024-01,1,109000.0,109000,109000
성남시 분당구,산운마을11단지(판교포레라움),59.9,2024-04,1,103700.0,103700,103700
성남시 분당구,산운마을11단지(판교포레라움),59.9,2024-05,3,108000.0,106750,108500
성남시 분당구,산운마을11단지(판교포레라움),59.9,2024-06,2,99350.0,85000,113700
성남시 분당구,산운마을11단지(판교포레라움),59.9,2024-07,3,114000.0,113000,115000
성남시 분당구,산운마을11단지(판교포레라움),59.9,2024-08,1,112000.0,112000,112000
성남시 분당구,산운마을11단지(판교포레라움),59.9,2024-09,1,116500.0,116500,116500
성남시 분당구,산운마을11단지(판교포레라움),59.9,2024-10,1,117800.0,117800,117800
성남시 분당구,산운마을11단지(판교포레라움),59.9,2024-12,1,112000.0,112000,112000
성남시 분당구,산운마을11단지(판교포레라움),59.9,2025-03,3,120500.0,119700,122000
성남시 분당구,산운마을11단지(판교포레라움),59.9,2025-04,3,119800.0,114700,120500
성남시 분당구,산운마을11단지(판교포레라움),59.9,2025-05,2,118500.0,116500,120500
성남시 분당구,산운마을11단지(판교포레라움),59.9,2025-08,2,126250.0,125000,127500
성남시 분당구,산운마을11단지(판교포레라움),59.9,2025-09,3,126500.0,123000,133000
성남시 분당구,산운마을11단지(판교포레라움),59.9,2025-10,1,144000.0,144000,144000
성남시 분당구,산운마을11단지(판교포레라움),59.9,2026-01,2,150750.0,148500,153000
성남시 분당구,산운마을11단지(판교포레라움),59.9,2026-03,1,149900.0,149900,149900
성남시 분당구,산운마을11단지(판교포레라움),59.9,2026-06,1,159500.0,159500,159500
성남시 분당구,판교원마을1단지(파라곤),101.1,2020-01,1,106800.0,106800,106800
성남시 분당구,판교원마을1단지(파라곤),101.1,2020-06,5,120000.0,117000,123000
성남시 분당구,판교원마을1단지(파라곤),101.1,2020-07,1,105000.0,105000,105000
성남시 분당구,판교원마을1단지(파라곤),101.1,2020-10,2,140750.0,134000,147500
성남시 분당구,판교원마을1단지(파라곤),101.1,2020-11,1,147000.0,147000,147000
성남시 분당구,판교원마을1단지(파라곤),101.1,2021-01,1,152000.0,152000,152000
성남시 분당구,판교원마을1단지(파라곤),101.1,2021-08,1,155000.0,155000,155000
성남시 분당구,판교원마을1단지(파라곤),101.1,2022-05,1,160000.0,160000,160000
성남시 분당구,판교원마을1단지(파라곤),101.1,2023-09,1,144000.0,144000,144000
성남시 분당구,판교원마을1단지(파라곤),101.1,2023-12,1,151000.0,151000,151000
성남시 분당구,판교원마을1단지(파라곤),101.1,2024-06,1,165500.0,165500,165500
성남시 분당구,판교원마을1단지(파라곤),101.1,2024-07,1,160000.0,160000,160000
성남시 분당구,판교원마을1단지(파라곤),101.1,2024-08,1,164000.0,164000,164000
성남시 분당구,판교원마을1단지(파라곤),101.1,2024-12,1,155000.0,155000,155000
성남시 분당구,판교원마을1단지(파라곤),101.1,2025-06,2,154500.0,154000,155000
성남시 분당구,판교원마을1단지(파라곤),101.1,2025-09,1,159000.0,159000,159000
성남시 분당구,판교원마을1단지(파라곤),101.1,2025-10,3,163000.0,163000,166000
성남시 분당구,판교원마을1단지(파라곤),101.1,2025-11,1,96000.0,96000,96000
성남시 분당구,판교원마을1단지(파라곤),101.1,2025-12,1,179000.0,179000,179000
성남시 분당구,판교원마을1단지(파라곤),101.1,2026-02,1,179000.0,179000,179000
성남시 분당구,판교원마을1단지(파라곤),101.1,2026-03,2,175000.0,175000,175000
성남시 분당구,판교원마을1단지(파라곤),101.1,2026-04,1,175000.0,175000,175000
성남시 분당구,판교원마을1단지(파라곤),101.1,2026-07,2,185750.0,184000,187500
성남시 분당구,판교원마을1단지(파라곤),101.2,2020-02,2,121000.0,118500,123500
성남시 분당구,판교원마을1단지(파라곤),101.2,2020-06,2,118500.0,113000,124000
성남시 분당구,판교원마을1단지(파라곤),101.2,2020-07,1,125000.0,125000,125000
성남시 분당구,판교원마을1단지(파라곤),101.2,2020-09,1,139000.0,139000,139000
성남시 분당구,판교원마을1단지(파라곤),101.2,2021-05,1,160000.0,160000,160000
성남시 분당구,판교원마을1단지(파라곤),101.2,2021-07,1,158000.0,158000,158000
성남시 분당구,판교원마을1단지(파라곤),101.2,2024-04,2,157500.0,156000,159000
성남시 분당구,판교원마을1단지(파라곤),101.2,2024-08,1,161000.0,161000,161000
성남시 분당구,판교원마을1단지(파라곤),101.2,2025-03,1,160000.0,160000,160000
성남시 분당구,판교원마을1단지(파라곤),101.2,2025-06,1,156000.0,156000,156000
성남시 분당구,판교원마을1단지(파라곤),101.2,2025-08,1,160000.0,160000,160000
성남시 분당구,판교원마을1단지(파라곤),101.2,2025-09,1,159000.0,159000,159000
성남시 분당구,판교원마을1단지(파라곤),101.2,2025-10,2,167750.0,167500,168000
성남시 분당구,판교원마을1단지(파라곤),118.6,2020-06,3,135000.0,132000,137000
성남시 분당구,판교원마을1단지(파라곤),118.6,2020-07,2,145000.0,142000,148000
성남시 분당구,판교원마을1단지(파라곤),118.6,2022-04,1,174500.0,174500,174500
성남시 분당구,판교원마을1단지(파라곤),118.6,2023-03,1,135000.0,135000,135000
성남시 분당구,판교원마을1단지(파라곤),118.6,2023-06,1,171000.0,171000,171000
성남시 분당구,판교원마을1단지(파라곤),118.6,2024-07,1,185000.0,185000,185000
성남시 분당구,판교원마을1단지(파라곤),118.6,2025-03,2,178500.0,177000,180000
성남시 분당구,판교원마을1단지(파라곤),118.6,2025-10,1,215000.0,215000,215000
성남시 분당구,판교원마을1단지(파라곤),118.6,2026-02,1,196000.0,196000,196000
성남시 분당구,판교원마을1단지(파라곤),118.6,2026-04,1,185000.0,185000,185000
성남시 분당구,판교원마을1단지(파라곤),118.9,2020-01,1,127000.0,127000,127000
성남시 분당구,판교원마을1단지(파라곤),118.9,2020-06,3,131000.0,129000,134500
성남시 분당구,판교원마을1단지(파라곤),118.9,2020-10,1,143500.0,143500,143500
성남시 분당구,판교원마을1단지(파라곤),118.9,2020-12,1,150000.0,150000,150000
성남시 분당구,판교원마을1단지(파라곤),118.9,2023-04,1,160000.0,160000,160000
성남시 분당구,판교원마을1단지(파라곤),118.9,2023-07,2,162500.0,161000,164000
성남시 분당구,판교원마을1단지(파라곤),118.9,2023-08,1,161000.0,161000,161000
성남시 분당구,판교원마을1단지(파라곤),118.9,2024-01,1,161000.0,161000,161000
성남시 분당구,판교원마을1단지(파라곤),118.9,2024-06,1,158000.0,158000,158000
성남시 분당구,판교원마을1단지(파라곤),118.9,2024-07,1,182000.0,182000,182000
성남시 분당구,판교원마을1단지(파라곤),118.9,2026-05,1,195000.0,195000,195000
성남시 분당구,판교원마을1단지(파라곤),151.9,2020-07,1,225000.0,225000,225000
성남시 분당구,판교원마을1단지(파라곤),153.6,2024-11,1,235000.0,235000,235000
성남시 수정구,산성역포레스티아,59.8,2020-09,1,98000.0,98000,98000
성남시 수정구,산성역포레스티아,59.8,2020-12,2,105000.0,105000,105000
성남시 수정구,산성역포레스티아,59.8,2021-01,2,105000.0,105000,105000
성남시 수정구,산성역포레스티아,59.8,2021-02,1,114000.0,114000,114000
성남시 수정구,산성역포레스티아,59.8,2021-04,1,105000.0,105000,105000
성남시 수정구,산성역포레스티아,59.8,2021-05,1,105000.0,105000,105000
성남시 수정구,산성역포레스티아,59.8,2021-07,3,108500.0,106000,109000
성남시 수정구,산성역포레스티아,59.8,2021-08,1,111500.0,111500,111500
성남시 수정구,산성역포레스티아,59.8,2021-09,2,112875.0,111250,114500
성남시 수정구,산성역포레스티아,59.8,2022-07,2,88750.0,88000,89500
성남시 수정구,산성역포레스티아,59.8,2022-12,2,72750.0,70500,75000
성남시 수정구,산성역포레스티아,59.8,2023-01,8,75250.0,73500,77000
성남시 수정구,산성역포레스티아,59.8,2023-02,6,79850.0,75000,82000
성남시 수정구,산성역포레스티아,59.8,2023-03,2,83250.0,83000,83500
성남시 수정구,산성역포레스티아,59.8,2023-04,10,83250.0,79000,85500
성남시 수정구,산성역포레스티아,59.8,2023-05,3,85000.0,85000,88000
성남시 수정구,산성역포레스티아,59.8,2023-06,3,87000.0,83500,88000
성남시 수정구,산성역포레스티아,59.8,2023-07,6,88350.0,85000,89500
성남시 수정구,산성역포레스티아,59.8,2023-08,2,87500.0,85000,90000
성남시 수정구,산성역포레스티아,59.8,2023-09,3,90000.0,89500,90000
성남시 수정구,산성역포레스티아,59.8,2024-01,1,90000.0,90000,90000
성남시 수정구,산성역포레스티아,59.8,2024-02,1,89500.0,89500,89500
성남시 수정구,산성역포레스티아,59.8,2024-03,10,89250.0,82200,92500
성남시 수정구,산성역포레스티아,59.8,2024-04,8,90900.0,88700,93200
성남시 수정구,산성역포레스티아,59.8,2024-05,8,90400.0,90000,94800
성남시 수정구,산성역포레스티아,59.8,2024-06,10,94100.0,88000,96900
성남시 수정구,산성역포레스티아,59.8,2024-07,5,100000.0,95000,100000
성남시 수정구,산성역포레스티아,59.8,2024-08,4,104000.0,98500,105000
성남시 수정구,산성역포레스티아,59.8,2024-10,1,105000.0,105000,105000
성남시 수정구,산성역포레스티아,59.8,2024-11,2,105750.0,104500,107000
성남시 수정구,산성역포레스티아,59.8,2025-01,2,101250.0,99500,103000
성남시 수정구,산성역포레스티아,59.8,2025-02,2,101750.0,101000,102500
성남시 수정구,산성역포레스티아,59.8,2025-03,8,102750.0,100000,105000
성남시 수정구,산성역포레스티아,59.8,2025-04,1,107000.0,107000,107000
성남시 수정구,산성역포레스티아,59.8,2025-06,11,107000.0,103000,113000
성남시 수정구,산성역포레스티아,59.8,2025-07,3,108500.0,105000,111300
성남시 수정구,산성역포레스티아,59.8,2025-08,2,110650.0,110000,111300
성남시 수정구,산성역포레스티아,59.8,2025-09,18,115000.0,104000,118000
성남시 수정구,산성역포레스티아,59.8,2025-10,4,118000.0,116000,125000
성남시 수정구,산성역포레스티아,59.8,2025-12,2,124000.0,123000,125000
성남시 수정구,산성역포레스티아,59.8,2026-01,3,125000.0,76100,128000
성남시 수정구,산성역포레스티아,59.8,2026-02,1,137000.0,137000,137000
성남시 수정구,산성역포레스티아,59.8,2026-03,1,139000.0,139000,139000
성남시 수정구,산성역포레스티아,59.8,2026-04,3,134000.0,91000,135000
성남시 수정구,산성역포레스티아,59.8,2026-05,8,134000.0,130000,140000
성남시 수정구,산성역포레스티아,59.8,2026-06,3,137500.0,135000,144500
성남시 수정구,산성역포레스티아,59.8,2026-07,4,148000.0,142500,150000
성남시 수정구,산성역포레스티아,59.8,2026-08,5,143000.0,135000,149000
성남시 수정구,산성역포레스티아,59.8,2026-09,4,150000.0,143000,150000
성남시 수정구,산성역포레스티아,67.9,2020-05,2,86250.0,86000,86500
성남시 수정구,산성역포레스티아,67.9,2020-06,1,95467.0,95467,95467
성남시 수정구,산성역포레스티아,67.9,2021-04,2,110000.0,110000,110000
성남시 수정구,산성역포레스티아,67.9,2021-05,4,106750.0,100000,110000
성남시 수정구,산성역포레스티아,67.9,2021-06,3,113500.0,70000,116000
성남시 수정구,산성역포레스티아,67.9,2021-07,6,118200.0,113700,120000
성남시 수정구,산성역포레스티아,67.9,2022-04,1,112700.0,112700,112700
성남시 수정구,산성역포레스티아,67.9,2022-09,1,85000.0,85000,85000
성남시 수정구,산성역포레스티아,67.9,2022-12,1,78700.0,78700,78700
성남시 수정구,산성역포레스티아,67.9,2023-01,6,82250.0,78000,85000
성남시 수정구,산성역포레스티아,67.9,2023-02,3,85000.0,82000,85000
성남시 수정구,산성역포레스티아,67.9,2023-03,3,87000.0,83300,88000
성남시 수정구,산성역포레스티아,67.9,2023-04,5,85000.0,84300,87500
성남시 수정구,산성역포레스티아,67.9,2023-05,5,89300.0,53100,92000
성남시 수정구,산성역포레스티아,67.9,2023-06,1,92000.0,92000,92000
성남시 수정구,산성역포레스티아,67.9,2023-07,4,93000.0,92000,93900
성남시 수정구,산성역포레스티아,67.9,2023-08,1,95000.0,95000,95000
성남시 수정구,산성역포레스티아,67.9,2023-10,1,96000.0,96000,96000
성남시 수정구,산성역포레스티아,67.9,2024-02,1,91800.0,91800,91800
성남시 수정구,산성역포레스티아,67.9,2024-03,2,93400.0,91800,95000
성남시 수정구,산성역포레스티아,67.9,2024-04,3,95000.0,93000,96000
성남시 수정구,산성역포레스티아,67.9,2024-05,4,96750.0,95000,98700
성남시 수정구,산성역포레스티아,67.9,2024-06,3,100000.0,100000,100000
성남시 수정구,산성역포레스티아,67.9,2024-07,5,103000.0,100200,105000
성남시 수정구,산성역포레스티아,67.9,2024-08,1,110000.0,110000,110000
성남시 수정구,산성역포레스티아,67.9,2024-11,1,109500.0,109500,109500
성남시 수정구,산성역포레스티아,67.9,2025-03,5,106000.0,104000,110000
성남시 수정구,산성역포레스티아,67.9,2025-04,2,107750.0,107500,108000
성남시 수정구,산성역포레스티아,67.9,2025-05,2,109400.0,106000,112800
성남시 수정구,산성역포레스티아,67.9,2025-06,7,110000.0,108000,114800
성남시 수정구,산성역포레스티아,67.9,2025-07,3,115000.0,112000,116000
성남시 수정구,산성역포레스티아,67.9,2025-08,2,113100.0,111200,115000
성남시 수정구,산성역포레스티아,67.9,2025-09,9,117000.0,116000,120000
성남시 수정구,산성역포레스티아,67.9,2025-10,7,120000.0,110000,125700
성남시 수정구,산성역포레스티아,67.9,2025-12,1,132800.0,132800,132800
성남시 수정구,산성역포레스티아,67.9,2026-01,4,132900.0,132000,135000
성남시 수정구,산성역포레스티아,67.9,2026-02,1,135000.0,135000,135000
성남시 수정구,산성역포레스티아,67.9,2026-03,1,141200.0,141200,141200
성남시 수정구,산성역포레스티아,67.9,2026-04,7,134800.0,133000,140000
성남시 수정구,산성역포레스티아,67.9,2026-05,3,146000.0,133000,146000
성남시 수정구,산성역포레스티아,67.9,2026-06,4,148250.0,138000,150000
성남시 수정구,산성역포레스티아,67.9,2026-07,3,143000.0,136000,154000
성남시 수정구,산성역포레스티아,67.9,2026-08,1,150000.0,150000,150000
성남시 수정구,산성역포레스티아,75.0,2020-07,1,99200.0,99200,99200
성남시 수정구,산성역포레스티아,75.0,2020-12,1,110000.0,110000,110000
성남시 수정구,산성역포레스티아,75.0,2021-01,1,120000.0,120000,120000
성남시 수정구,산성역포레스티아,75.0,2021-02,2,120250.0,116500,124000
성남시 수정구,산성역포레스티아,75.0,2021-03,3,115000.0,114500,117000
성남시 수정구,산성역포레스티아,75.0,2021-04,1,114000.0,114000,114000
성남시 수정구,산성역포레스티아,75.0,2021-05,1,119000.0,119000,119000
성남시 수정구,산성역포레스티아,75.0,2021-06,4,118500.0,114500,120000
성남시 수정구,산성역포레스티아,75.0,2021-07,4,127100.0,114000,130000
성남시 수정구,산성역포레스티아,75.0,2021-08,1,133000.0,133000,133000
성남시 수정구,산성역포레스티아,75.0,2021-11,1,56010.0,56010,56010
성남시 수정구,산성역포레스티아,75.0,2021-12,2,123500.0,119000,128000
성남시 수정구,산성역포레스티아,75.0,2022-01,1,120950.0,120950,120950
성남시 수정구,산성역포레스티아,75.0,2022-02,2,122000.0,122000,122000
성남시 수정구,산성역포레스티아,75.0,2022-04,1,116000.0,116000,116000
성남시 수정구,산성역포레스티아,75.0,2022-08,4,98850.0,95000,116000
성남시 수정구,산성역포레스티아,75.0,2022-09,1,90000.0,90000,90000
성남시 수정구,산성역포레스티아,75.0,2022-10,2,81750.0,81000,82500
성남시 수정구,산성역포레스티아,75.0,2022-11,9,84000.0,81500,87000
성남시 수정구,산성역포레스티아,75.0,2022-12,3,85000.0,84800,85000
성남시 수정구,산성역포레스티아,75.0,2023-01,14,85000.0,60000,88000
성남시 수정구,산성역포레스티아,75.0,2023-02,17,89900.0,80000,94000
성남시 수정구,산성역포레스티아,75.0,2023-03,8,90000.0,87500,94000
성남시 수정구,산성역포레스티아,75.0,2023-04,9,93500.0,89000,95000
성남시 수정구,산성역포레스티아,75.0,2023-05,20,94000.0,89500,95000
성남시 수정구,산성역포레스티아,75.0,2023-06,12,96250.0,91500,100000
성남시 수정구,산성역포레스티아,75.0,2023-07,8,98000.0,94500,100300
성남시 수정구,산성역포레스티아,75.0,2023-08,12,100000.0,90000,105000
성남시 수정구,산성역포레스티아,75.0,2023-09,5,100000.0,97500,104000
성남시 수정구,산성역포레스티아,75.0,2023-10,1,102900.0,102900,102900
성남시 수정구,산성역포레스티아,75.0,2023-11,6,97000.0,95500,100000
성남시 수정구,산성역포레스티아,75.0,2023-12,7,97000.0,94000,102000
성남시 수정구,산성역포레스티아,75.0,2024-01,7,97000.0,94000,102000
성남시 수정구,산성역포레스티아,75.0,2024-02,9,99500.0,70200,101000
성남시 수정구,산성역포레스티아,75.0,2024-03,12,99750.0,93000,104000
성남시 수정구,산성역포레스티아,75.0,2024-04,6,101250.0,100000,104000
성남시 수정구,산성역포레스티아,75.0,2024-05,19,102000.0,94500,106000
성남시 수정구,산성역포레스티아,75.0,2024-06,31,104800.0,94000,110000
성남시 수정구,산성역포레스티아,75.0,2024-07,12,108500.0,77000,112000
성남시 수정구,산성역포레스티아,75.0,2024-08,12,114500.0,105000,116300
성남시 수정구,산성역포레스티아,75.0,2024-09,1,115000.0,115000,115000
성남시 수정구,산성역포레스티아,75.0,2024-10,2,114250.0,114000,114500
성남시 수정구,산성역포레스티아,75.0,2024-11,2,114600.0,114500,114700
성남시 수정구,산성역포레스티아,75.0,2024-12,1,112800.0,112800,112800
성남시 수정구,산성역포레스티아,75.0,2025-01,4,107500.0,80000,111000
성남시 수정구,산성역포레스티아,75.0,2025-02,14,113000.0,103000,117500
성남시 수정구,산성역포레스티아,75.0,2025-03,11,114000.0,109700,119500
성남시 수정구,산성역포레스티아,75.0,2025-04,12,115000.0,110500,119500
성남시 수정구,산성역포레스티아,75.0,2025-05,19,114800.0,111000,119500
성남시 수정구,산성역포레스티아,75.0,2025-06,32,116400.0,83000,125000
성남시 수정구,산성역포레스티아,75.0,2025-07,11,120000.0,116600,125000
성남시 수정구,산성역포레스티아,75.0,2025-08,9,122500.0,115000,125000
성남시 수정구,산성역포레스티아,75.0,2025-09,32,125000.0,113000,134000
성남시 수정구,산성역포레스티아,75.0,2025-10,22,129500.0,118000,135000
성남시 수정구,산성역포레스티아,75.0,2025-11,2,133250.0,131500,135000
성남시 수정구,산성역포레스티아,75.0,2025-12,4,137750.0,128000,144000
성남시 수정구,산성역포레스티아,75.0,2026-01,10,140500.0,118000,145000
성남시 수정구,산성역포레스티아,75.0,2026-02,9,144900.0,140000,149000
성남시 수정구,산성역포레스티아,75.0,2026-03,6,149000.0,141000,152700
성남시 수정구,산성역포레스티아,75.0,2026-04,13,143000.0,135000,148000
성남시 수정구,산성역포레스티아,75.0,2026-05,12,145000.0,143000,149500
성남시 수정구,산성역포레스티아,75.0,2026-06,7,150000.0,147500,152000
성남시 수정구,산성역포레스티아,75.0,2026-07,13,151000.0,141500,160000
성남시 수정구,산성역포레스티아,75.0,2026-08,5,160000.0,148000,161000
성남시 수정구,산성역포레스티아,75.0,2026-09,1,156500.0,156500,156500
성남시 수정구,산성역포레스티아,84.8,2023-06,1,125000.0,125000,125000
성남시 수정구,산성역포레스티아,84.8,2023-07,1,128000.0,128000,128000
성남시 수정구,산성역포레스티아,84.8,2023-09,1,125000.0,125000,125000
성남시 수정구,산성역포레스티아,84.8,2024-04,1,137000.0,137000,137000
성남시 수정구,산성역포레스티아,84.8,2024-09,1,140000.0,140000,140000
성남시 수정구,산성역포레스티아,84.8,2025-08,1,148000.0,148000,148000
성남시 수정구,산성역포레스티아,84.9,2020-09,1,120000.0,120000,120000
성남시 수정구,산성역포레스티아,84.9,2020-11,1,127000.0,127000,127000
성남시 수정구,산성역포레스티아,84.9,2020-12,1,127000.0,127000,127000
성남시 수정구,산성역포레스티아,84.9,2021-01,1,141000.0,141000,141000
성남시 수정구,산성역포레스티아,84.9,2021-03,1,127500.0,127500,127500
성남시 수정구,산성역포레스티아,84.9,2021-05,2,132500.0,130000,135000
성남시 수정구,산성역포레스티아,84.9,2021-07,2,133500.0,133000,134000
성남시 수정구,산성역포레스티아,84.9,2021-08,1,135000.0,135000,135000
성남시 수정구,산성역포레스티아,84.9,2021-09,1,132000.0,132000,132000
성남시 수정구,산성역포레스티아,84.9,2021-10,1,144500.0,144500,144500
성남시 수정구,산성역포레스티아,84.9,2022-02,1,170000.0,170000,170000
성남시 수정구,산성역포레스티아,84.9,2022-06,1,125000.0,125000,125000
성남시 수정구,산성역포레스티아,84.9,2022-09,2,103500.0,103500,103500
성남시 수정구,산성역포레스티아,84.9,2022-10,1,97500.0,97500,97500
성남시 수정구,산성역포레스티아,84.9,2023-01,2,95000.0,94000,96000
성남시 수정구,산성역포레스티아,84.9,2023-02,6,99500.0,96500,105000
성남시 수정구,산성역포레스티아,84.9,2023-03,2,98500.0,97000,100000
성남시 수정구,산성역포레스티아,84.9,2023-04,4,100250.0,98500,107500
성남시 수정구,산성역포레스티아,84.9,2023-05,3,106000.0,104700,107500
성남시 수정구,산성역포레스티아,84.9,2023-06,6,104600.0,75000,112000
성남시 수정구,산성역포레스티아,84.9,2023-07,4,107500.0,106000,115000
성남시 수정구,산성역포레스티아,84.9,2023-08,4,118500.0,118000,120000
성남시 수정구,산성역포레스티아,84.9,2023-10,1,108500.0,108500,108500
성남시 수정구,산성역포레스티아,84.9,2023-11,5,115000.0,110000,120000
성남시 수정구,산성역포레스티아,84.9,2023-12,1,111500.0,111500,111500
성남시 수정구,산성역포레스티아,84.9,2024-01,4,111500.0,110000,115000
성남시 수정구,산성역포레스티아,84.9,2024-03,2,113150.0,113000,113300
성남시 수정구,산성역포레스티아,84.9,2024-04,2,114400.0,113800,115000
성남시 수정구,산성역포레스티아,84.9,2024-05,2,115400.0,114800,116000
성남시 수정구,산성역포레스티아,84.9,2024-06,8,113750.0,108500,120000
성남시 수정구,산성역포레스티아,84.9,2024-07,6,117500.0,110600,165000
성남시 수정구,산성역포레스티아,84.9,2024-08,2,125000.0,119000,131000
성남시 수정구,산성역포레스티아,84.9,2024-10,1,121000.0,121000,121000
성남시 수정구,산성역포레스티아,84.9,2024-12,1,127500.0,127500,127500
성남시 수정구,산성역포레스티아,84.9,2025-01,1,124000.0,124000,124000
성남시 수정구,산성역포레스티아,84.9,2025-02,2,123500.0,122000,125000
성남시 수정구,산성역포레스티아,84.9,2025-03,3,123500.0,120000,124000
성남시 수정구,산성역포레스티아,84.9,2025-04,5,124000.0,123500,133000
성남시 수정구,산성역포레스티아,84.9,2025-05,3,124500.0,123000,127000
성남시 수정구,산성역포레스티아,84.9,2025-06,4,127000.0,123000,131900
성남시 수정구,산성역포레스티아,84.9,2025-07,2,132000.0,129000,135000
성남시 수정구,산성역포레스티아,84.9,2025-08,3,125000.0,104000,127500
성남시 수정구,산성역포레스티아,84.9,2025-09,6,136850.0,128500,141000
성남시 수정구,산성역포레스티아,84.9,2025-10,5,137000.0,134700,143000
성남시 수정구,산성역포레스티아,84.9,2025-11,1,140000.0,140000,140000
성남시 수정구,산성역포레스티아,84.9,2025-12,4,137250.0,133500,171000
성남시 수정구,산성역포레스티아,84.9,2026-01,3,147000.0,139800,148000
성남시 수정구,산성역포레스티아,84.9,2026-02,3,150000.0,145000,152000
성남시 수정구,산성역포레스티아,84.9,2026-03,2,151500.0,150000,153000
성남시 수정구,산성역포레스티아,84.9,2026-04,4,152000.0,110100,155000
성남시 수정구,산성역포레스티아,84.9,2026-05,7,152000.0,149000,155000
성남시 수정구,산성역포레스티아,84.9,2026-06,6,159000.0,149000,170000
성남시 수정구,산성역포레스티아,84.9,2026-07,2,158750.0,157500,160000
성남시 수정구,산성역포레스티아,85.0,2021-01,1,133000.0,133000,133000
성남시 수정구,산성역포레스티아,85.0,2021-04,1,133500.0,133500,133500
성남시 수정구,산성역포레스티아,85.0,2021-06,1,135000.0,135000,135000
성남시 수정구,산성역포레스티아,85.0,2021-07,1,140000.0,140000,140000
성남시 수정구,산성역포레스티아,85.0,2021-08,1,141300.0,141300,141300
성남시 수정구,산성역포레스티아,85.0,2022-04,1,83000.0,83000,83000
성남시 수정구,산성역포레스티아,85.0,2022-07,1,120000.0,120000,120000
성남시 수정구,산성역포레스티아,85.0,2022-09,1,110000.0,110000,110000
성남시 수정구,산성역포레스티아,85.0,2022-11,2,91000.0,91000,91000
성남시 수정구,산성역포레스티아,85.0,2023-01,1,102000.0,102000,102000
성남시 수정구,산성역포레스티아,85.0,2023-02,1,100000.0,100000,100000
성남시 수정구,산성역포레스티아,85.0,2023-03,3,103000.0,97200,104500
성남시 수정구,산성역포레스티아,85.0,2023-04,1,103000.0,103000,103000
성남시 수정구,산성역포레스티아,85.0,2023-05,3,105800.0,103800,107000
성남시 수정구,산성역포레스티아,85.0,2023-06,2,110000.0,109000,111000
성남시 수정구,산성역포레스티아,85.0,2023-07,2,116500.0,113000,120000
성남시 수정구,산성역포레스티아,85.0,2023-08,2,132000.0,114000,150000
성남시 수정구,산성역포레스티아,85.0,2023-09,1,114500.0,114500,114500
성남시 수정구,산성역포레스티아,85.0,2024-01,2,115250.0,114500,116000
성남시 수정구,산성역포레스티아,85.0,2024-04,2,114250.0,114000,114500
성남시 수정구,산성역포레스티아,85.0,2024-05,3,115000.0,113700,115000
성남시 수정구,산성역포레스티아,85.0,2024-06,4,115500.0,115000,117000
성남시 수정구,산성역포레스티아,85.0,2024-07,3,120000.0,100000,125000
성남시 수정구,산성역포레스티아,85.0,2024-08,1,122000.0,122000,122000
성남시 수정구,산성역포레스티아,85.0,2025-03,1,130000.0,130000,130000
성남시 수정구,산성역포레스티아,85.0,2025-04,1,132000.0,132000,132000
성남시 수정구,산성역포레스티아,85.0,2025-05,2,130100.0,129000,131200
성남시 수정구,산성역포레스티아,85.0,2025-06,1,130500.0,130500,130500
성남시 수정구,산성역포레스티아,85.0,2025-07,1,138000.0,138000,138000
성남시 수정구,산성역포레스티아,85.0,2025-09,5,138000.0,135000,140000
성남시 수정구,산성역포레스티아,85.0,2025-10,2,137500.0,135000,140000
성남시 수정구,산성역포레스티아,85.0,2025-11,3,145000.0,140000,153000
성남시 수정구,산성역포레스티아,85.0,2025-12,1,147500.0,147500,147500
성남시 수정구,산성역포레스티아,85.0,2026-01,1,146500.0,146500,146500
성남시 수정구,산성역포레스티아,85.0,2026-02,3,153500.0,151500,154000
성남시 수정구,산성역포레스티아,85.0,2026-04,2,157000.0,154000,160000
성남시 수정구,산성역포레스티아,85.0,2026-05,1,152500.0,152500,152500
성남시 수정구,산성역포레스티아,85.0,2026-07,2,157500.0,157000,158000
성남시 수정구,산성역포레스티아,85.0,2026-08,1,168000.0,168000,168000
성남시 수정구,산성역포레스티아,98.7,2021-02,1,140000.0,140000,140000
성남시 수정구,산성역포레스티아,98.7,2021-03,1,149500.0,149500,149500
성남시 수정구,산성역포레스티아,98.7,2022-12,1,119000.0,119000,119000
성남시 수정구,산성역포레스티아,98.7,2023-01,1,110000.0,110000,110000
성남시 수정구,산성역포레스티아,98.7,2023-04,1,121000.0,121000,121000
성남시 수정구,산성역포레스티아,98.7,2023-06,1,130000.0,130000,130000
성남시 수정구,산성역포레스티아,98.7,2024-06,1,122000.0,122000,122000
성남시 수정구,산성역포레스티아,98.7,2024-07,2,133250.0,131000,135500
성남시 수정구,산성역포레스티아,98.7,2024-10,2,138000.0,138000,138000
성남시 수정구,산성역포레스티아,98.7,2025-09,1,142000.0,142000,142000
성남시 수정구,산성역포레스티아,98.7,2025-11,1,149990.0,149990,149990
성남시 수정구,산성역포레스티아,98.7,2026-01,2,152250.0,145000,159500
성남시 수정구,산성역포레스티아,98.7,2026-04,2,157250.0,150000,164500
성남시 수정구,산성역포레스티아,98.7,2026-05,1,159000.0,159000,159000
성남시 수정구,산성역포레스티아,98.7,2026-08,1,159500.0,159500,159500
성남시 수정구,산성역포레스티아,98.7,2026-09,1,149000.0,149000,149000
화성시,그린힐 반도유보라 아이비파크 10(1단지),59.8,2026-07,6,48650.0,41800,50000
화성시,그린힐 반도유보라 아이비파크 10(1단지),59.8,2026-08,1,43500.0,43500,43500
화성시,그린힐 반도유보라 아이비파크 10(1단지),59.9,2026-07,1,42800.0,42800,42800
화성시,그린힐 반도유보라 아이비파크 10(1단지),59.9,2026-08,1,49500.0,49500,49500
화성시,그린힐 반도유보라 아이비파크 10(1단지),74.1,2026-07,1,53000.0,53000,53000
화성시,그린힐 반도유보라 아이비파크 10(1단지),74.1,2026-09,1,53800.0,53800,53800
화성시,그린힐 반도유보라 아이비파크 10(1단지),85.0,2026-07,3,54800.0,54000,55000
화성시,그린힐 반도유보라 아이비파크 10(1단지),85.0,2026-09,1,53500.0,53500,53500
화성시,동탄시범다은마을 월드메르디앙 반도유보라,59.1,2026-08,1,87450.0,87450,87450
화성시,동탄시범다은마을 월드메르디앙 반도유보라,59.1,2026-09,4,90950.0,86300,91000
화성시,동탄시범다은마을 월드메르디앙 반도유보라,84.7,2026-08,1,107500.0,107500,107500
화성시,동탄역 반도유보라 아이비파크5.0,74.4,2026-08,1,130000.0,130000,130000
화성시,동탄역 반도유보라 아이비파크5.0,96.8,2026-07,1,142000.0,142000,142000
화성시,동탄역 시범우남퍼스트빌아파트,60.0,2026-07,1,149000.0,149000,149000
화성시,동탄역 시범우남퍼스트빌아파트,84.9,2026-08,1,165000.0,165000,165000
화성시,동탄역 시범우남퍼스트빌아파트,85.0,2026-07,1,169000.0,169000,169000
화성시,동탄역반도유보라아이비파크2.0,74.4,2026-07,1,78500.0,78500,78500
화성시,동탄역반도유보라아이비파크2.0,85.0,2026-07,1,83000.0,83000,83000
화성시,동탄역반도유보라아이비파크2.0,85.0,2026-08,1,84500.0,84500,84500
화성시,동탄역반도유보라아이비파크2.0,85.0,2026-09,2,92000.0,90000,94000
화성시,동탄역반도유보라아이비파크7.0,73.4,2026-07,1,145000.0,145000,145000
화성시,동탄역반도유보라아이비파크7.0,86.2,2026-07,1,154500.0,154500,154500
화성시,동탄역시범반도유보라아이비파크1.0,85.0,2026-07,1,132000.0,132000,132000
화성시,레이크반도유보라아이비파크9.0,102.0,2026-07,3,70000.0,60000,80000
화성시,레이크반도유보라아이비파크9.0,102.0,2026-08,1,71500.0,71500,71500
화성시,레이크반도유보라아이비파크9.0,104.4,2026-09,1,77000.0,77000,77000
화성시,레이크힐 반도유보라 아이비파크 10.2,77.2,2026-07,1,53000.0,53000,53000
화성시,레이크힐 반도유보라 아이비파크 10.2,85.0,2026-07,1,54800.0,54800,54800
화성시,레이크힐 반도유보라 아이비파크 10.2,85.0,2026-08,3,59000.0,57000,60000
화성시,레이크힐 반도유보라 아이비파크 10.2,85.0,2026-09,2,59400.0,59000,59800
화성시,레이크힐 반도유보라 아이비파크 10.2,96.7,2026-07,1,62800.0,62800,62800
화성시,레이크힐 반도유보라 아이비파크 10.2,96.7,2026-08,1,59500.0,59500,59500
화성시,레이크힐 반도유보라 아이비파크 10.2,96.8,2026-09,1,63000.0,63000,63000
화성시,반도유보라아이비파크3,60.0,2026-08,1,80500.0,80500,80500
화성시,반도유보라아이비파크3,60.0,2026-09,2,75750.0,66500,85000
화성시,시범다은마을우남퍼스트빌,67.1,2026-09,2,81750.0,80000,83500
화성시,시범다은마을우남퍼스트빌,85.0,2026-09,1,98000.0,98000,98000
화성시,시범반도유보라아이비파크4.0,85.0,2026-07,1,138500.0,138500,138500
화성시,시범반도유보라아이비파크4.0,85.0,2026-08,1,152000.0,152000,152000
,그린힐 반도유보라 아이비파크 10(1단지),59.8,2020-01,14,32200.0,29000,34000
,그린힐 반도유보라 아이비파크 10(1단지),59.8,2020-02,10,34750.0,32800,39900
,그린힐 반도유보라 아이비파크 10(1단지),59.8,2020-04,2,40500.0,40000,41000
,그린힐 반도유보라 아이비파크 10(1단지),59.8,2020-05,3,40900.0,40000,42000
,그린힐 반도유보라 아이비파크 10(1단지),59.8,2020-06,5,41500.0,40000,43000
,그린힐 반도유보라 아이비파크 10(1단지),59.8,2020-07,5,41000.0,39900,44000
,그린힐 반도유보라 아이비파크 10(1단지),59.8,2020-08,7,43800.0,41000,45000
,그린힐 반도유보라 아이비파크 10(1단지),59.8,2020-09,1,44000.0,44000,44000
,그린힐 반도유보라 아이비파크 10(1단지),59.8,2020-11,6,43900.0,42500,45900
,그린힐 반도유보라 아이비파크 10(1단지),59.8,2020-12,6,45125.0,42900,46250
,그린힐 반도유보라 아이비파크 10(1단지),59.8,2021-01,6,45750.0,44500,47000
,그린힐 반도유보라 아이비파크 10(1단지),59.8,2021-02,7,46000.0,43300,47000
,그린힐 반도유보라 아이비파크 10(1단지),59.8,2021-03,5,47500.0,45300,53200
,그린힐 반도유보라 아이비파크 10(1단지),59.8,2021-04,5,47700.0,47000,49500
,그린힐 반도유보라 아이비파크 10(1단지),59.8,2021-05,6,47750.0,46900,48600
,그린힐 반도유보라 아이비파크 10(1단지),59.8,2021-06,11,48900.0,46800,50000
,그린힐 반도유보라 아이비파크 10(1단지),59.8,2021-07,12,49900.0,48900,54000
,그린힐 반도유보라 아이비파크 10(1단지),59.8,2021-08,7,57500.0,50000,60500
,그린힐 반도유보라 아이비파크 10(1단지),59.8,2021-09,2,60150.0,59000,61300
,그린힐 반도유보라 아이비파크 10(1단지),59.8,2021-10,2,57900.0,57000,58800
,그린힐 반도유보라 아이비파크 10(1단지),59.8,2021-11,2,53125.0,47000,59250
,그린힐 반도유보라 아이비파크 10(1단지),59.8,2021-12,1,59500.0,59500,59500
,그린힐 반도유보라 아이비파크 10(1단지),59.8,2022-04,1,49500.0,49500,49500
,그린힐 반도유보라 아이비파크 10(1단지),59.8,2022-06,1,45000.0,45000,45000
,그린힐 반도유보라 아이비파크 10(1단지),59.8,2022-07,1,46000.0,46000,46000
,그린힐 반도유보라 아이비파크 10(1단지),59.8,2022-08,3,43000.0,42300,43500
,그린힐 반도유보라 아이비파크 10(1단지),59.8,2022-09,3,43000.0,42500,45000
,그린힐 반도유보라 아이비파크 10(1단지),59.8,2022-10,3,39500.0,37100,40000
,그린힐 반도유보라 아이비파크 10(1단지),59.8,2022-11,2,39000.0,38000,40000
,그린힐 반도유보라 아이비파크 10(1단지),59.8,2023-01,4,37450.0,35000,37700
,그린힐 반도유보라 아이비파크 10(1단지),59.8,2023-02,3,38000.0,36000,38600
,그린힐 반도유보라 아이비파크 10(1단지),59.8,2023-03,4,38700.0,37000,40000
,그린힐 반도유보라 아이비파크 10(1단지),59.8,2023-04,6,40600.0,30500,43000
,그린힐 반도유보라 아이비파크 10(1단지),59.8,2023-06,5,43000.0,41800,43200
,그린힐 반도유보라 아이비파크 10(1단지),59.8,2023-07,4,44350.0,43500,45000
,그린힐 반도유보라 아이비파크 10(1단지),59.8,2023-08,1,45000.0,45000,45000
,그린힐 반도유보라 아이비파크 10(1단지),59.8,2023-09,1,45000.0,45000,45000
,그린힐 반도유보라 아이비파크 10(1단지),59.8,2023-10,4,45400.0,43000,46000
,그린힐 반도유보라 아이비파크 10(1단지),59.8,2024-02,3,43700.0,42000,44500
,그린힐 반도유보라 아이비파크 10(1단지),59.8,2024-03,4,42000.0,41900,42000
,그린힐 반도유보라 아이비파크 10(1단지),59.8,2024-05,4,42325.0,40600,44000
,그린힐 반도유보라 아이비파크 10(1단지),59.8,2024-06,5,41900.0,40000,43000
,그린힐 반도유보라 아이비파크 10(1단지),59.8,2024-07,5,42500.0,41900,42800
,그린힐 반도유보라 아이비파크 10(1단지),59.8,2024-08,7,44500.0,42500,45000
,그린힐 반도유보라 아이비파크 10(1단지),59.8,2024-10,4,42750.0,41700,44000
,그린힐 반도유보라 아이비파크 10(1단지),59.8,2024-11,3,42500.0,42000,45000
,그린힐 반도유보라 아이비파크 10(1단지),59.8,2024-12,2,42750.0,42500,43000
,그린힐 반도유보라 아이비파크 10(1단지),59.8,2025-02,3,43500.0,43000,43950
,그린힐 반도유보라 아이비파크 10(1단지),59.8,2025-03,6,42500.0,41000,44000
,그린힐 반도유보라 아이비파크 10(1단지),59.8,2025-04,2,40900.0,39800,42000
,그린힐 반도유보라 아이비파크 10(1단지),59.8,2025-05,7,41500.0,41000,44200
,그린힐 반도유보라 아이비파크 10(1단지),59.8,2025-06,6,40400.0,39000,42700
,그린힐 반도유보라 아이비파크 10(1단지),59.8,2025-07,6,40900.0,38750,42000
,그린힐 반도유보라 아이비파크 10(1단지),59.8,2025-08,8,40400.0,39000,41500
,그린힐 반도유보라 아이비파크 10(1단지),59.8,2025-09,4,41350.0,40000,41800
,그린힐 반도유보라 아이비파크 10(1단지),59.8,2025-10,4,41000.0,40000,41500
,그린힐 반도유보라 아이비파크 10(1단지),59.8,2025-11,5,42500.0,41000,43000
,그린힐 반도유보라 아이비파크 10(1단지),59.8,2025-12,5,41700.0,41000,43000
,그린힐 반도유보라 아이비파크 10(1단지),59.8,2026-01,4,41750.0,41200,42500
,그린힐 반도유보라 아이비파크 10(1단지),59.8,2026-02,3,39000.0,35000,42500
,그린힐 반도유보라 아이비파크 10(1단지),59.8,2026-03,9,42000.0,40000,44800
,그린힐 반도유보라 아이비파크 10(1단지),59.8,2026-04,8,43000.0,33000,45200
,그린힐 반도유보라 아이비파크 10(1단지),59.8,2026-05,5,42000.0,41000,45200
,그린힐 반도유보라 아이비파크 10(1단지),59.8,2026-06,22,44200.0,32200,46600
,그린힐 반도유보라 아이비파크 10(1단지),59.9,2020-01,1,31000.0,31000,31000
,그린힐 반도유보라 아이비파크 10(1단지),59.9,2020-02,1,33000.0,33000,33000
,그린힐 반도유보라 아이비파크 10(1단지),59.9,2020-07,1,41300.0,41300,41300
,그린힐 반도유보라 아이비파크 10(1단지),59.9,2020-08,1,41000.0,41000,41000
,그린힐 반도유보라 아이비파크 10(1단지),59.9,2020-09,1,43000.0,43000,43000
,그린힐 반도유보라 아이비파크 10(1단지),59.9,2021-01,1,44950.0,44950,44950
,그린힐 반도유보라 아이비파크 10(1단지),59.9,2021-02,2,43975.0,42950,45000
,그린힐 반도유보라 아이비파크 10(1단지),59.9,2021-03,1,47000.0,47000,47000
,그린힐 반도유보라 아이비파크 10(1단지),59.9,2021-04,1,45900.0,45900,45900
,그린힐 반도유보라 아이비파크 10(1단지),59.9,2021-06,2,46700.0,46400,47000
,그린힐 반도유보라 아이비파크 10(1단지),59.9,2021-07,1,49000.0,49000,49000
,그린힐 반도유보라 아이비파크 10(1단지),59.9,2021-08,1,53000.0,53000,53000
,그린힐 반도유보라 아이비파크 10(1단지),59.9,2022-06,1,48000.0,48000,48000
,그린힐 반도유보라 아이비파크 10(1단지),59.9,2022-09,1,40000.0,40000,40000
,그린힐 반도유보라 아이비파크 10(1단지),59.9,2022-10,1,35000.0,35000,35000
,그린힐 반도유보라 아이비파크 10(1단지),59.9,2022-11,1,35000.0,35000,35000
,그린힐 반도유보라 아이비파크 10(1단지),59.9,2023-02,2,38000.0,37000,39000
,그린힐 반도유보라 아이비파크 10(1단지),59.9,2023-04,1,37500.0,37500,37500
,그린힐 반도유보라 아이비파크 10(1단지),59.9,2023-10,1,42700.0,42700,42700
,그린힐 반도유보라 아이비파크 10(1단지),59.9,2023-11,2,43750.0,43500,44000
,그린힐 반도유보라 아이비파크 10(1단지),59.9,2024-02,1,40800.0,40800,40800
,그린힐 반도유보라 아이비파크 10(1단지),59.9,2024-03,1,47000.0,47000,47000
,그린힐 반도유보라 아이비파크 10(1단지),59.9,2024-06,1,40800.0,40800,40800
,그린힐 반도유보라 아이비파크 10(1단지),59.9,2024-11,1,42000.0,42000,42000
,그린힐 반도유보라 아이비파크 10(1단지),59.9,2025-03,1,40500.0,40500,40500
,그린힐 반도유보라 아이비파크 10(1단지),59.9,2025-04,2,39800.0,39300,40300
,그린힐 반도유보라 아이비파크 10(1단지),59.9,2025-06,1,34000.0,34000,34000
,그린힐 반도유보라 아이비파크 10(1단지),59.9,2025-09,1,39500.0,39500,39500
,그린힐 반도유보라 아이비파크 10(1단지),59.9,2025-11,3,41300.0,40000,42400
,그린힐 반도유보라 아이비파크 10(1단지),59.9,2025-12,1,39500.0,39500,39500
,그린힐 반도유보라 아이비파크 10(1단지),59.9,2026-01,1,41000.0,41000,41000
,그린힐 반도유보라 아이비파크 10(1단지),59.9,2026-02,3,40300.0,39700,40750
,그린힐 반도유보라 아이비파크 10(1단지),59.9,2026-03,1,39500.0,39500,39500
,그린힐 반도유보라 아이비파크 10(1단지),59.9,2026-04,3,40000.0,39000,41500
,그린힐 반도유보라 아이비파크 10(1단지),59.9,2026-05,3,41000.0,40500,41700
,그린힐 반도유보라 아이비파크 10(1단지),59.9,2026-06,2,42250.0,40000,44500
,그린힐 반도유보라 아이비파크 10(1단지),74.1,2020-01,8,35500.0,33000,38200
,그린힐 반도유보라 아이비파크 10(1단지),74.1,2020-02,7,40000.0,37500,43500
,그린힐 반도유보라 아이비파크 10(1단지),74.1,2020-03,2,39250.0,37000,41500
,그린힐 반도유보라 아이비파크 10(1단지),74.1,2020-04,2,44450.0,42900,46000
,그린힐 반도유보라 아이비파크 10(1단지),74.1,2020-05,2,42000.0,40000,44000
,그린힐 반도유보라 아이비파크 10(1단지),74.1,2020-06,2,44250.0,43000,45500
,그린힐 반도유보라 아이비파크 10(1단지),74.1,2020-07,4,48225.0,46000,49900
,그린힐 반도유보라 아이비파크 10(1단지),74.1,2020-08,2,49200.0,46900,51500
,그린힐 반도유보라 아이비파크 10(1단지),74.1,2020-09,1,50000.0,50000,50000
,그린힐 반도유보라 아이비파크 10(1단지),74.1,2020-10,2,49750.0,48000,51500
,그린힐 반도유보라 아이비파크 10(1단지),74.1,2020-11,3,50000.0,46000,50000
,그린힐 반도유보라 아이비파크 10(1단지),74.1,2020-12,3,49000.0,47000,51500
,그린힐 반도유보라 아이비파크 10(1단지),74.1,2021-01,5,50500.0,49300,55000
,그린힐 반도유보라 아이비파크 10(1단지),74.1,2021-02,5,50500.0,50000,52500
,그린힐 반도유보라 아이비파크 10(1단지),74.1,2021-03,9,52500.0,50000,59500
,그린힐 반도유보라 아이비파크 10(1단지),74.1,2021-04,2,56250.0,52600,59900
,그린힐 반도유보라 아이비파크 10(1단지),74.1,2021-05,4,53500.0,52500,58000
,그린힐 반도유보라 아이비파크 10(1단지),74.1,2021-06,3,54900.0,51500,56200
,그린힐 반도유보라 아이비파크 10(1단지),74.1,2021-07,7,57500.0,52700,60000
,그린힐 반도유보라 아이비파크 10(1단지),74.1,2021-08,7,59950.0,59000,60000
,그린힐 반도유보라 아이비파크 10(1단지),74.1,2021-09,1,60000.0,60000,60000
,그린힐 반도유보라 아이비파크 10(1단지),74.1,2021-10,1,69500.0,69500,69500
,그린힐 반도유보라 아이비파크 10(1단지),74.1,2021-11,2,59000.0,58000,60000
,그린힐 반도유보라 아이비파크 10(1단지),74.1,2022-02,1,64600.0,64600,64600
,그린힐 반도유보라 아이비파크 10(1단지),74.1,2022-05,2,54500.0,54000,55000
,그린힐 반도유보라 아이비파크 10(1단지),74.1,2022-11,2,41250.0,39500,43000
,그린힐 반도유보라 아이비파크 10(1단지),74.1,2023-01,2,41250.0,40500,42000
,그린힐 반도유보라 아이비파크 10(1단지),74.1,2023-03,4,44000.0,42700,44900
,그린힐 반도유보라 아이비파크 10(1단지),74.1,2023-04,4,44650.0,41900,45800
,그린힐 반도유보라 아이비파크 10(1단지),74.1,2023-05,3,44500.0,44400,47800
,그린힐 반도유보라 아이비파크 10(1단지),74.1,2023-06,5,46300.0,44500,49500
,그린힐 반도유보라 아이비파크 10(1단지),74.1,2023-07,1,49900.0,49900,49900
,그린힐 반도유보라 아이비파크 10(1단지),74.1,2023-08,2,49450.0,48900,50000
,그린힐 반도유보라 아이비파크 10(1단지),74.1,2023-11,2,51350.0,49700,53000
,그린힐 반도유보라 아이비파크 10(1단지),74.1,2023-12,1,50750.0,50750,50750
,그린힐 반도유보라 아이비파크 10(1단지),74.1,2024-02,2,48500.0,47000,50000
,그린힐 반도유보라 아이비파크 10(1단지),74.1,2024-04,1,48500.0,48500,48500
,그린힐 반도유보라 아이비파크 10(1단지),74.1,2024-05,1,47000.0,47000,47000
,그린힐 반도유보라 아이비파크 10(1단지),74.1,2024-07,3,47000.0,45000,48300
,그린힐 반도유보라 아이비파크 10(1단지),74.1,2024-08,1,48000.0,48000,48000
,그린힐 반도유보라 아이비파크 10(1단지),74.1,2024-09,1,47000.0,47000,47000
,그린힐 반도유보라 아이비파크 10(1단지),74.1,2024-10,3,46300.0,45000,50000
,그린힐 반도유보라 아이비파크 10(1단지),74.1,2024-11,3,48200.0,46500,50000
,그린힐 반도유보라 아이비파크 10(1단지),74.1,2024-12,1,47300.0,47300,47300
,그린힐 반도유보라 아이비파크 10(1단지),74.1,2025-01,2,46500.0,46500,46500
,그린힐 반도유보라 아이비파크 10(1단지),74.1,2025-02,1,48500.0,48500,48500
,그린힐 반도유보라 아이비파크 10(1단지),74.1,2025-03,3,46400.0,45000,47200
,그린힐 반도유보라 아이비파크 10(1단지),74.1,2025-04,3,46000.0,45500,47600
,그린힐 반도유보라 아이비파크 10(1단지),74.1,2025-05,3,44500.0,43300,47000
,그린힐 반도유보라 아이비파크 10(1단지),74.1,2025-06,3,45500.0,43800,46200
,그린힐 반도유보라 아이비파크 10(1단지),74.1,2025-07,5,44500.0,38000,45000
,그린힐 반도유보라 아이비파크 10(1단지),74.1,2025-08,5,44700.0,44000,47000
,그린힐 반도유보라 아이비파크 10(1단지),74.1,2025-09,4,37500.0,33000,44000
,그린힐 반도유보라 아이비파크 10(1단지),74.1,2025-10,5,45000.0,42000,45300
,그린힐 반도유보라 아이비파크 10(1단지),74.1,2025-11,6,45900.0,43000,47300
,그린힐 반도유보라 아이비파크 10(1단지),74.1,2025-12,4,45750.0,44500,49000
,그린힐 반도유보라 아이비파크 10(1단지),74.1,2026-01,3,45500.0,45000,46000
,그린힐 반도유보라 아이비파크 10(1단지),74.1,2026-02,1,46700.0,46700,46700
,그린힐 반도유보라 아이비파크 10(1단지),74.1,2026-03,1,47300.0,47300,47300
,그린힐 반도유보라 아이비파크 10(1단지),74.1,2026-04,3,44800.0,43000,45700
,그린힐 반도유보라 아이비파크 10(1단지),74.1,2026-05,4,46750.0,45000,51500
,그린힐 반도유보라 아이비파크 10(1단지),74.1,2026-06,11,48600.0,46700,52500
,그린힐 반도유보라 아이비파크 10(1단지),85.0,2020-02,3,47000.0,46000,51000
,그린힐 반도유보라 아이비파크 10(1단지),85.0,2020-06,3,50500.0,48000,53000
,그린힐 반도유보라 아이비파크 10(1단지),85.0,2020-07,1,52500.0,52500,52500
,그린힐 반도유보라 아이비파크 10(1단지),85.0,2020-09,1,56600.0,56600,56600
,그린힐 반도유보라 아이비파크 10(1단지),85.0,2021-02,1,59000.0,59000,59000
,그린힐 반도유보라 아이비파크 10(1단지),85.0,2021-03,1,59000.0,59000,59000
,그린힐 반도유보라 아이비파크 10(1단지),85.0,2021-04,1,57000.0,57000,57000
,그린힐 반도유보라 아이비파크 10(1단지),85.0,2021-05,1,59400.0,59400,59400
,그린힐 반도유보라 아이비파크 10(1단지),85.0,2021-06,1,59400.0,59400,59400
,그린힐 반도유보라 아이비파크 10(1단지),85.0,2021-08,2,63900.0,62800,65000
,그린힐 반도유보라 아이비파크 10(1단지),85.0,2022-05,1,55000.0,55000,55000
,그린힐 반도유보라 아이비파크 10(1단지),85.0,2023-04,2,44000.0,40000,48000
,그린힐 반도유보라 아이비파크 10(1단지),85.0,2023-05,1,49500.0,49500,49500
,그린힐 반도유보라 아이비파크 10(1단지),85.0,2023-06,2,50900.0,50800,51000
,그린힐 반도유보라 아이비파크 10(1단지),85.0,2023-07,2,50750.0,50500,51000
,그린힐 반도유보라 아이비파크 10(1단지),85.0,2024-01,1,52250.0,52250,52250
,그린힐 반도유보라 아이비파크 10(1단지),85.0,2024-02,1,51500.0,51500,51500
,그린힐 반도유보라 아이비파크 10(1단지),85.0,2024-03,2,51500.0,51200,51800
,그린힐 반도유보라 아이비파크 10(1단지),85.0,2024-05,2,50500.0,50000,51000
,그린힐 반도유보라 아이비파크 10(1단지),85.0,2024-07,1,49000.0,49000,49000
,그린힐 반도유보라 아이비파크 10(1단지),85.0,2024-08,1,51400.0,51400,51400
,그린힐 반도유보라 아이비파크 10(1단지),85.0,2024-09,1,52000.0,52000,52000
,그린힐 반도유보라 아이비파크 10(1단지),85.0,2024-11,1,51700.0,51700,51700
,그린힐 반도유보라 아이비파크 10(1단지),85.0,2025-06,2,49400.0,49000,49800
,그린힐 반도유보라 아이비파크 10(1단지),85.0,2025-09,2,48250.0,46500,50000
,그린힐 반도유보라 아이비파크 10(1단지),85.0,2025-10,3,49500.0,48700,49700
,그린힐 반도유보라 아이비파크 10(1단지),85.0,2025-11,2,49775.0,48300,51250
,그린힐 반도유보라 아이비파크 10(1단지),85.0,2025-12,1,49200.0,49200,49200
,그린힐 반도유보라 아이비파크 10(1단지),85.0,2026-02,2,49600.0,49200,50000
,그린힐 반도유보라 아이비파크 10(1단지),85.0,2026-03,3,48500.0,36750,50200
,그린힐 반도유보라 아이비파크 10(1단지),85.0,2026-04,2,50100.0,50000,50200
,그린힐 반도유보라 아이비파크 10(1단지),85.0,2026-06,7,50000.0,49000,54000
,나루마을월드메르디앙반도유보라,102.0,2020-01,3,43700.0,43000,49000
,나루마을월드메르디앙반도유보라,102.0,2020-03,2,51500.0,47000,56000
,나루마을월드메르디앙반도유보라,102.0,2020-06,3,54000.0,54000,57800
,나루마을월드메르디앙반도유보라,102.0,2021-01,1,62000.0,62000,62000
,나루마을월드메르디앙반도유보라,102.0,2021-02,2,66250.0,64500,68000
,나루마을월드메르디앙반도유보라,102.0,2021-03,4,71250.0,59000,74200
,나루마을월드메르디앙반도유보라,102.0,2021-04,1,64500.0,64500,64500
,나루마을월드메르디앙반도유보라,102.0,2021-05,1,70000.0,70000,70000
,나루마을월드메르디앙반도유보라,102.0,2021-06,3,70000.0,69500,71000
,나루마을월드메르디앙반도유보라,102.0,2021-07,2,66500.0,60500,72500
,나루마을월드메르디앙반도유보라,102.0,2021-08,4,77200.0,74500,78000
,나루마을월드메르디앙반도유보라,102.0,2022-07,1,67000.0,67000,67000
,나루마을월드메르디앙반도유보라,102.0,2022-11,1,65000.0,65000,65000
,나루마을월드메르디앙반도유보라,102.0,2023-02,1,52000.0,52000,52000
,나루마을월드메르디앙반도유보라,102.0,2023-03,1,61500.0,61500,61500
,나루마을월드메르디앙반도유보라,102.0,2023-04,1,54000.0,54000,54000
,나루마을월드메르디앙반도유보라,102.0,2023-07,1,62000.0,62000,62000
,나루마을월드메르디앙반도유보라,102.0,2023-10,1,67000.0,67000,67000
,나루마을월드메르디앙반도유보라,102.0,2024-10,2,69750.0,67000,72500
,나루마을월드메르디앙반도유보라,102.0,2025-03,1,67800.0,67800,67800
,나루마을월드메르디앙반도유보라,102.0,2025-04,1,70000.0,70000,70000
,나루마을월드메르디앙반도유보라,102.0,2025-09,1,67000.0,67000,67000
,나루마을월드메르디앙반도유보라,102.0,2025-10,1,70000.0,70000,70000
,나루마을월드메르디앙반도유보라,102.0,2025-11,2,76250.0,73500,79000
,나루마을월드메르디앙반도유보라,102.0,2025-12,1,74500.0,74500,74500
,나루마을월드메르디앙반도유보라,102.0,2026-04,3,70000.0,69900,74000
,나루마을월드메르디앙반도유보라,102.0,2026-06,2,74000.0,73000,75000
,나루마을월드메르디앙반도유보라,110.7,2020-01,2,51750.0,50000,53500
,나루마을월드메르디앙반도유보라,110.7,2020-02,3,52000.0,52000,57800
,나루마을월드메르디앙반도유보라,110.7,2020-05,1,50800.0,50800,50800
,나루마을월드메르디앙반도유보라,110.7,2020-06,1,59500.0,59500,59500
,나루마을월드메르디앙반도유보라,110.7,2020-08,1,60000.0,60000,60000
,나루마을월드메르디앙반도유보라,110.7,2020-10,1,64500.0,64500,64500
,나루마을월드메르디앙반도유보라,110.7,2020-12,1,66000.0,66000,66000
,나루마을월드메르디앙반도유보라,110.7,2021-01,2,70250.0,69000,71500
,나루마을월드메르디앙반도유보라,110.7,2021-03,2,71750.0,71500,72000
,나루마을월드메르디앙반도유보라,110.7,2021-04,1,77000.0,77000,77000
,나루마을월드메르디앙반도유보라,110.7,2022-05,1,70000.0,70000,70000
,나루마을월드메르디앙반도유보라,110.7,2024-01,2,68400.0,68000,68800
,나루마을월드메르디앙반도유보라,110.7,2024-02,2,69700.0,68500,70900
,나루마을월드메르디앙반도유보라,110.7,2025-04,1,74500.0,74500,74500
,나루마을월드메르디앙반도유보라,110.7,2025-09,1,74000.0,74000,74000
,나루마을월드메르디앙반도유보라,110.7,2025-10,1,78000.0,78000,78000
,나루마을월드메르디앙반도유보라,110.7,2025-12,3,75400.0,74500,77000
,나루마을월드메르디앙반도유보라,110.7,2026-01,1,76000.0,76000,76000
,나루마을월드메르디앙반도유보라,110.7,2026-04,1,82000.0,82000,82000
,나루마을월드메르디앙반도유보라,110.7,2026-05,2,74750.0,73000,76500
,나루마을월드메르디앙반도유보라,110.7,2026-06,3,77000.0,75000,82000
,나루마을월드메르디앙반도유보라,116.0,2020-01,1,49000.0,49000,49000
,나루마을월드메르디앙반도유보라,116.0,2020-02,2,56000.0,52000,60000
,나루마을월드메르디앙반도유보라,116.0,2020-06,1,63800.0,63800,63800
,나루마을월드메르디앙반도유보라,116.0,2020-07,2,61100.0,59900,62300
,나루마을월드메르디앙반도유보라,116.0,2020-08,1,62000.0,62000,62000
,나루마을월드메르디앙반도유보라,116.0,2020-09,2,63500.0,62000,65000
,나루마을월드메르디앙반도유보라,116.0,2020-10,2,67500.0,66000,69000
,나루마을월드메르디앙반도유보라,116.0,2020-11,1,64500.0,64500,64500
,나루마을월드메르디앙반도유보라,116.0,2020-12,2,69250.0,69000,69500
,나루마을월드메르디앙반도유보라,116.0,2021-03,3,75000.0,73000,81500
,나루마을월드메르디앙반도유보라,116.0,2021-05,1,70500.0,70500,70500
,나루마을월드메르디앙반도유보라,116.0,2021-06,2,80750.0,80000,81500
,나루마을월드메르디앙반도유보라,116.0,2021-07,2,75250.0,70500,80000
,나루마을월드메르디앙반도유보라,116.0,2021-08,3,84700.0,79000,85500
,나루마을월드메르디앙반도유보라,116.0,2021-09,2,85000.0,83000,87000
,나루마을월드메르디앙반도유보라,116.0,2022-09,1,70000.0,70000,70000
,나루마을월드메르디앙반도유보라,116.0,2022-10,1,70500.0,70500,70500
,나루마을월드메르디앙반도유보라,116.0,2023-03,1,66000.0,66000,66000
,나루마을월드메르디앙반도유보라,116.0,2023-04,1,65000.0,65000,65000
,나루마을월드메르디앙반도유보라,116.0,2023-05,2,68500.0,68000,69000
,나루마을월드메르디앙반도유보라,116.0,2023-09,2,70500.0,70000,71000
,나루마을월드메르디앙반도유보라,116.0,2023-12,2,78400.0,70000,86800
,나루마을월드메르디앙반도유보라,116.0,2024-01,1,72000.0,72000,72000
,나루마을월드메르디앙반도유보라,116.0,2024-02,1,68750.0,68750,68750
,나루마을월드메르디앙반도유보라,116.0,2024-05,1,72600.0,72600,72600
,나루마을월드메르디앙반도유보라,116.0,2024-09,1,86000.0,86000,86000
,나루마을월드메르디앙반도유보라,116.0,2024-11,1,74000.0,74000,74000
,나루마을월드메르디앙반도유보라,116.0,2025-03,1,75000.0,75000,75000
,나루마을월드메르디앙반도유보라,116.0,2025-04,3,73000.0,72500,79000
,나루마을월드메르디앙반도유보라,116.0,2025-06,2,76000.0,75000,77000
,나루마을월드메르디앙반도유보라,116.0,2025-07,3,77000.0,74500,77000
,나루마을월드메르디앙반도유보라,116.0,2025-10,1,82500.0,82500,82500
,나루마을월드메르디앙반도유보라,116.0,2025-11,2,74300.0,74300,74300
,나루마을월드메르디앙반도유보라,116.0,2025-12,2,79750.0,78000,81500
,나루마을월드메르디앙반도유보라,116.0,2026-01,1,85000.0,85000,85000
,나루마을월드메르디앙반도유보라,116.0,2026-03,1,82500.0,82500,82500
,나루마을월드메르디앙반도유보라,116.0,2026-04,1,79500.0,79500,79500
,나루마을월드메르디앙반도유보라,116.0,2026-05,1,82250.0,82250,82250
,나루마을월드메르디앙반도유보라,116.0,2026-06,6,86250.0,80500,92000
,나루마을월드메르디앙반도유보라,139.5,2020-02,1,55000.0,55000,55000
,나루마을월드메르디앙반도유보라,139.5,2020-06,1,70000.0,70000,70000
,나루마을월드메르디앙반도유보라,139.5,2020-07,1,69750.0,69750,69750
,나루마을월드메르디앙반도유보라,139.5,2020-08,1,69500.0,69500,69500
,나루마을월드메르디앙반도유보라,139.5,2020-12,2,83750.0,80000,87500
,나루마을월드메르디앙반도유보라,139.5,2021-09,1,104500.0,104500,104500
,나루마을월드메르디앙반도유보라,139.5,2023-02,2,65000.0,65000,65000
,나루마을월드메르디앙반도유보라,139.5,2023-03,1,74800.0,74800,74800
,나루마을월드메르디앙반도유보라,139.5,2023-04,1,77000.0,77000,77000
,나루마을월드메르디앙반도유보라,139.5,2024-02,2,83000.0,83000,83000
,나루마을월드메르디앙반도유보라,139.5,2024-03,1,81000.0,81000,81000
,나루마을월드메르디앙반도유보라,139.5,2024-07,1,60000.0,60000,60000
,나루마을월드메르디앙반도유보라,139.5,2024-10,1,83000.0,83000,83000
,나루마을월드메르디앙반도유보라,139.5,2025-03,1,87500.0,87500,87500
,나루마을월드메르디앙반도유보라,139.5,2025-06,1,75000.0,75000,75000
,나루마을월드메르디앙반도유보라,139.5,2025-11,2,92500.0,91500,93500
,나루마을월드메르디앙반도유보라,139.5,2026-02,1,96500.0,96500,96500
,나루마을월드메르디앙반도유보라,139.5,2026-04,2,97000.0,87000,107000
,나루마을월드메르디앙반도유보라,139.5,2026-05,1,62000.0,62000,62000
,나루마을월드메르디앙반도유보라,139.5,2026-06,2,101000.0,99000,103000
,나루마을월드메르디앙반도유보라,167.0,2020-02,1,67000.0,67000,67000
,나루마을월드메르디앙반도유보라,167.0,2020-04,1,63000.0,63000,63000
,나루마을월드메르디앙반도유보라,167.0,2020-08,3,63000.0,47000,78000
,나루마을월드메르디앙반도유보라,167.0,2021-12,1,105000.0,105000,105000
,나루마을월드메르디앙반도유보라,167.0,2024-09,1,109500.0,109500,109500
,나루마을월드메르디앙반도유보라,167.0,2025-03,1,109000.0,109000,109000
,나루마을월드메르디앙반도유보라,167.0,2025-11,1,109000.0,109000,109000
,나루마을월드메르디앙반도유보라,167.0,2026-03,1,97000.0,97000,97000
,나루마을월드메르디앙반도유보라,167.0,2026-04,1,77000.0,77000,77000
,동탄시범다은마을 월드메르디앙 반도유보라,59.1,2020-01,20,41850.0,36400,44000
,동탄시범다은마을 월드메르디앙 반도유보라,59.1,2020-02,12,44500.0,34000,49900
,동탄시범다은마을 월드메르디앙 반도유보라,59.1,2020-03,8,47500.0,42600,49800
,동탄시범다은마을 월드메르디앙 반도유보라,59.1,2020-04,4,47050.0,45000,49400
,동탄시범다은마을 월드메르디앙 반도유보라,59.1,2020-05,4,47350.0,45000,50000
,동탄시범다은마을 월드메르디앙 반도유보라,59.1,2020-06,13,48000.0,41200,51700
,동탄시범다은마을 월드메르디앙 반도유보라,59.1,2020-07,10,49250.0,45400,53900
,동탄시범다은마을 월드메르디앙 반도유보라,59.1,2020-08,7,50000.0,47500,52300
,동탄시범다은마을 월드메르디앙 반도유보라,59.1,2020-09,6,49750.0,47500,51200
,동탄시범다은마을 월드메르디앙 반도유보라,59.1,2020-10,8,48000.0,43000,53000
,동탄시범다은마을 월드메르디앙 반도유보라,59.1,2020-11,21,49900.0,43500,54000
,동탄시범다은마을 월드메르디앙 반도유보라,59.1,2020-12,22,51550.0,47000,59500
,동탄시범다은마을 월드메르디앙 반도유보라,59.1,2021-01,6,57150.0,49850,60000
,동탄시범다은마을 월드메르디앙 반도유보라,59.1,2021-02,5,63800.0,60800,65500
,동탄시범다은마을 월드메르디앙 반도유보라,59.1,2021-03,6,64350.0,62800,65900
,동탄시범다은마을 월드메르디앙 반도유보라,59.1,2021-04,2,62750.0,60000,65500
,동탄시범다은마을 월드메르디앙 반도유보라,59.1,2021-05,7,63000.0,61500,66000
,동탄시범다은마을 월드메르디앙 반도유보라,59.1,2021-06,4,64650.0,62000,66300
,동탄시범다은마을 월드메르디앙 반도유보라,59.1,2021-07,16,64700.0,60500,66000
,동탄시범다은마을 월드메르디앙 반도유보라,59.1,2021-08,10,67325.0,61000,70900
,동탄시범다은마을 월드메르디앙 반도유보라,59.1,2021-09,1,68300.0,68300,68300
,동탄시범다은마을 월드메르디앙 반도유보라,59.1,2021-10,6,69250.0,65000,70500
,동탄시범다은마을 월드메르디앙 반도유보라,59.1,2021-11,3,67500.0,63000,67900
,동탄시범다은마을 월드메르디앙 반도유보라,59.1,2022-01,2,66000.0,62000,70000
,동탄시범다은마을 월드메르디앙 반도유보라,59.1,2022-02,3,61000.0,60000,61000
,동탄시범다은마을 월드메르디앙 반도유보라,59.1,2022-03,1,68000.0,68000,68000
,동탄시범다은마을 월드메르디앙 반도유보라,59.1,2022-04,2,55250.0,53500,57000
,동탄시범다은마을 월드메르디앙 반도유보라,59.1,2022-05,1,61000.0,61000,61000
,동탄시범다은마을 월드메르디앙 반도유보라,59.1,2022-06,2,60500.0,60000,61000
,동탄시범다은마을 월드메르디앙 반도유보라,59.1,2022-07,1,60000.0,60000,60000
,동탄시범다은마을 월드메르디앙 반도유보라,59.1,2022-08,1,60500.0,60500,60500
,동탄시범다은마을 월드메르디앙 반도유보라,59.1,2022-09,1,41000.0,41000,41000
,동탄시범다은마을 월드메르디앙 반도유보라,59.1,2022-10,3,48500.0,39500,51900
,동탄시범다은마을 월드메르디앙 반도유보라,59.1,2022-11,5,43000.0,39900,47500
,동탄시범다은마을 월드메르디앙 반도유보라,59.1,2022-12,3,47000.0,46500,47500
,동탄시범다은마을 월드메르디앙 반도유보라,59.1,2023-01,7,44800.0,41000,46900
,동탄시범다은마을 월드메르디앙 반도유보라,59.1,2023-02,4,45500.0,43000,47000
,동탄시범다은마을 월드메르디앙 반도유보라,59.1,2023-03,9,48300.0,44000,50450
,동탄시범다은마을 월드메르디앙 반도유보라,59.1,2023-04,8,48000.0,35400,52000
,동탄시범다은마을 월드메르디앙 반도유보라,59.1,2023-05,7,52100.0,50000,55500
,동탄시범다은마을 월드메르디앙 반도유보라,59.1,2023-06,6,53500.0,44000,59500
,동탄시범다은마을 월드메르디앙 반도유보라,59.1,2023-07,5,57650.0,52500,59000
,동탄시범다은마을 월드메르디앙 반도유보라,59.1,2023-08,5,56500.0,54000,58500
,동탄시범다은마을 월드메르디앙 반도유보라,59.1,2023-09,10,56225.0,54900,58000
,동탄시범다은마을 월드메르디앙 반도유보라,59.1,2023-10,4,56500.0,55000,57500
,동탄시범다은마을 월드메르디앙 반도유보라,59.1,2023-11,1,59000.0,59000,59000
,동탄시범다은마을 월드메르디앙 반도유보라,59.1,2023-12,3,53000.0,52500,58500
,동탄시범다은마을 월드메르디앙 반도유보라,59.1,2024-01,5,58400.0,57000,60000
,동탄시범다은마을 월드메르디앙 반도유보라,59.1,2024-02,2,57750.0,57500,58000
,동탄시범다은마을 월드메르디앙 반도유보라,59.1,2024-03,5,57800.0,57000,61800
,동탄시범다은마을 월드메르디앙 반도유보라,59.1,2024-04,6,58500.0,53000,61000
,동탄시범다은마을 월드메르디앙 반도유보라,59.1,2024-05,4,56100.0,50000,56800
,동탄시범다은마을 월드메르디앙 반도유보라,59.1,2024-06,9,58200.0,55000,62000
,동탄시범다은마을 월드메르디앙 반도유보라,59.1,2024-07,8,60500.0,55000,61500
,동탄시범다은마을 월드메르디앙 반도유보라,59.1,2024-08,9,61500.0,58500,64000
,동탄시범다은마을 월드메르디앙 반도유보라,59.1,2024-09,2,60000.0,60000,60000
,동탄시범다은마을 월드메르디앙 반도유보라,59.1,2024-10,4,60600.0,60000,62000
,동탄시범다은마을 월드메르디앙 반도유보라,59.1,2024-11,3,59000.0,53500,63500
,동탄시범다은마을 월드메르디앙 반도유보라,59.1,2024-12,6,61000.0,58000,61500
,동탄시범다은마을 월드메르디앙 반도유보라,59.1,2025-01,3,61000.0,59900,63000
,동탄시범다은마을 월드메르디앙 반도유보라,59.1,2025-02,9,63000.0,59300,65500
,동탄시범다은마을 월드메르디앙 반도유보라,59.1,2025-03,6,61550.0,59500,64800
,동탄시범다은마을 월드메르디앙 반도유보라,59.1,2025-04,10,62250.0,56720,66000
,동탄시범다은마을 월드메르디앙 반도유보라,59.1,2025-05,6,61750.0,52500,66000
,동탄시범다은마을 월드메르디앙 반도유보라,59.1,2025-06,14,63000.0,57000,66500
,동탄시범다은마을 월드메르디앙 반도유보라,59.1,2025-07,1,65000.0,65000,65000
,동탄시범다은마을 월드메르디앙 반도유보라,59.1,2025-08,8,64050.0,60000,67000
,동탄시범다은마을 월드메르디앙 반도유보라,59.1,2025-09,9,65000.0,57000,68500
,동탄시범다은마을 월드메르디앙 반도유보라,59.1,2025-10,14,65000.0,60000,67700
,동탄시범다은마을 월드메르디앙 반도유보라,59.1,2025-11,9,67000.0,65000,70000
,동탄시범다은마을 월드메르디앙 반도유보라,59.1,2025-12,13,67000.0,62000,72000
,동탄시범다은마을 월드메르디앙 반도유보라,59.1,2026-01,6,68500.0,67000,71000
,동탄시범다은마을 월드메르디앙 반도유보라,59.1,2026-02,5,68300.0,60000,72250
,동탄시범다은마을 월드메르디앙 반도유보라,59.1,2026-03,11,70800.0,63800,75700
,동탄시범다은마을 월드메르디앙 반도유보라,59.1,2026-04,7,71900.0,67000,75000
,동탄시범다은마을 월드메르디앙 반도유보라,59.1,2026-05,8,68000.0,46000,78800
,동탄시범다은마을 월드메르디앙 반도유보라,59.1,2026-06,14,82250.0,67000,90000
,동탄시범다은마을 월드메르디앙 반도유보라,76.0,2020-01,2,50850.0,50000,51700
,동탄시범다은마을 월드메르디앙 반도유보라,76.0,2020-03,1,55500.0,55500,55500
,동탄시범다은마을 월드메르디앙 반도유보라,76.0,2020-04,1,55500.0,55500,55500
,동탄시범다은마을 월드메르디앙 반도유보라,76.0,2020-11,3,62500.0,59800,63000
,동탄시범다은마을 월드메르디앙 반도유보라,76.0,2021-04,1,74000.0,74000,74000
,동탄시범다은마을 월드메르디앙 반도유보라,76.0,2021-07,1,76800.0,76800,76800
,동탄시범다은마을 월드메르디앙 반도유보라,76.0,2021-11,1,74700.0,74700,74700
,동탄시범다은마을 월드메르디앙 반도유보라,76.0,2023-04,1,61500.0,61500,61500
,동탄시범다은마을 월드메르디앙 반도유보라,76.0,2023-05,1,61500.0,61500,61500
,동탄시범다은마을 월드메르디앙 반도유보라,76.0,2024-03,1,65500.0,65500,65500
,동탄시범다은마을 월드메르디앙 반도유보라,76.0,2024-05,1,67200.0,67200,67200
,동탄시범다은마을 월드메르디앙 반도유보라,76.0,2024-12,1,68000.0,68000,68000
,동탄시범다은마을 월드메르디앙 반도유보라,76.0,2025-11,1,77000.0,77000,77000
,동탄시범다은마을 월드메르디앙 반도유보라,76.0,2026-01,1,79000.0,79000,79000
,동탄시범다은마을 월드메르디앙 반도유보라,76.0,2026-02,1,77400.0,77400,77400
,동탄시범다은마을 월드메르디앙 반도유보라,76.0,2026-03,1,80000.0,80000,80000
,동탄시범다은마을 월드메르디앙 반도유보라,76.0,2026-04,1,78000.0,78000,78000
,동탄시범다은마을 월드메르디앙 반도유보라,76.8,2020-01,3,49800.0,47700,51700
,동탄시범다은마을 월드메르디앙 반도유보라,76.8,2020-02,2,49375.0,44500,54250
,동탄시범다은마을 월드메르디앙 반도유보라,76.8,2020-03,3,57500.0,54800,57500
,동탄시범다은마을 월드메르디앙 반도유보라,76.8,2020-04,1,51500.0,51500,51500
,동탄시범다은마을 월드메르디앙 반도유보라,76.8,2020-05,4,55600.0,54000,58500
,동탄시범다은마을 월드메르디앙 반도유보라,76.8,2020-06,2,57050.0,56800,57300
,동탄시범다은마을 월드메르디앙 반도유보라,76.8,2020-07,5,58000.0,54000,59650
,동탄시범다은마을 월드메르디앙 반도유보라,76.8,2020-08,2,59500.0,59500,59500
,동탄시범다은마을 월드메르디앙 반도유보라,76.8,2020-10,1,56750.0,56750,56750
,동탄시범다은마을 월드메르디앙 반도유보라,76.8,2020-11,4,59950.0,56000,61800
,동탄시범다은마을 월드메르디앙 반도유보라,76.8,2020-12,3,67000.0,59500,70000
,동탄시범다은마을 월드메르디앙 반도유보라,76.8,2021-01,1,74250.0,74250,74250
,동탄시범다은마을 월드메르디앙 반도유보라,76.8,2021-02,1,78000.0,78000,78000
,동탄시범다은마을 월드메르디앙 반도유보라,76.8,2021-03,1,75000.0,75000,75000
,동탄시범다은마을 월드메르디앙 반도유보라,76.8,2021-05,4,75750.0,75000,76500
,동탄시범다은마을 월드메르디앙 반도유보라,76.8,2021-07,2,77200.0,76500,77900
,동탄시범다은마을 월드메르디앙 반도유보라,76.8,2021-09,3,76200.0,75700,77600
,동탄시범다은마을 월드메르디앙 반도유보라,76.8,2021-10,1,77500.0,77500,77500
,동탄시범다은마을 월드메르디앙 반도유보라,76.8,2021-11,2,75000.0,73000,77000
,동탄시범다은마을 월드메르디앙 반도유보라,76.8,2021-12,2,76500.0,76000,77000
,동탄시범다은마을 월드메르디앙 반도유보라,76.8,2022-02,1,77000.0,77000,77000
,동탄시범다은마을 월드메르디앙 반도유보라,76.8,2022-03,1,67500.0,67500,67500
,동탄시범다은마을 월드메르디앙 반도유보라,76.8,2022-12,1,60000.0,60000,60000
,동탄시범다은마을 월드메르디앙 반도유보라,76.8,2023-02,6,54500.0,50000,60000
,동탄시범다은마을 월드메르디앙 반도유보라,76.8,2023-03,1,55000.0,55000,55000
,동탄시범다은마을 월드메르디앙 반도유보라,76.8,2023-04,1,61900.0,61900,61900
,동탄시범다은마을 월드메르디앙 반도유보라,76.8,2023-06,1,63500.0,63500,63500
,동탄시범다은마을 월드메르디앙 반도유보라,76.8,2023-07,1,63500.0,63500,63500
,동탄시범다은마을 월드메르디앙 반도유보라,76.8,2023-08,1,60000.0,60000,60000
,동탄시범다은마을 월드메르디앙 반도유보라,76.8,2023-09,3,64500.0,63200,65000
,동탄시범다은마을 월드메르디앙 반도유보라,76.8,2023-10,3,65500.0,64000,68000
,동탄시범다은마을 월드메르디앙 반도유보라,76.8,2024-01,3,67000.0,57500,71500
,동탄시범다은마을 월드메르디앙 반도유보라,76.8,2024-02,2,67600.0,65750,69450
,동탄시범다은마을 월드메르디앙 반도유보라,76.8,2024-04,2,70125.0,65250,75000
,동탄시범다은마을 월드메르디앙 반도유보라,76.8,2024-06,3,67500.0,64750,69500
,동탄시범다은마을 월드메르디앙 반도유보라,76.8,2024-07,1,71000.0,71000,71000
,동탄시범다은마을 월드메르디앙 반도유보라,76.8,2024-09,1,75000.0,75000,75000
,동탄시범다은마을 월드메르디앙 반도유보라,76.8,2024-10,4,70000.0,69000,71700
,동탄시범다은마을 월드메르디앙 반도유보라,76.8,2024-11,1,76000.0,76000,76000
,동탄시범다은마을 월드메르디앙 반도유보라,76.8,2024-12,1,78000.0,78000,78000
,동탄시범다은마을 월드메르디앙 반도유보라,76.8,2025-02,4,70500.0,68000,71500
,동탄시범다은마을 월드메르디앙 반도유보라,76.8,2025-03,1,70000.0,70000,70000
,동탄시범다은마을 월드메르디앙 반도유보라,76.8,2025-04,1,73900.0,73900,73900
,동탄시범다은마을 월드메르디앙 반도유보라,76.8,2025-05,2,73600.0,71500,75700
,동탄시범다은마을 월드메르디앙 반도유보라,76.8,2025-06,4,72750.0,71000,74400
,동탄시범다은마을 월드메르디앙 반도유보라,76.8,2025-07,1,70000.0,70000,70000
,동탄시범다은마을 월드메르디앙 반도유보라,76.8,2025-08,1,71000.0,71000,71000
,동탄시범다은마을 월드메르디앙 반도유보라,76.8,2025-09,3,73400.0,73000,74000
,동탄시범다은마을 월드메르디앙 반도유보라,76.8,2025-10,7,73000.0,71500,75700
,동탄시범다은마을 월드메르디앙 반도유보라,76.8,2025-11,1,73500.0,73500,73500
,동탄시범다은마을 월드메르디앙 반도유보라,76.8,2026-02,2,73900.0,70800,77000
,동탄시범다은마을 월드메르디앙 반도유보라,76.8,2026-04,4,78900.0,75000,80000
,동탄시범다은마을 월드메르디앙 반도유보라,76.8,2026-06,3,84000.0,80000,97000
,동탄시범다은마을 월드메르디앙 반도유보라,84.6,2020-01,3,54500.0,50800,54900
,동탄시범다은마을 월드메르디앙 반도유보라,84.6,2020-02,2,63000.0,60000,66000
,동탄시범다은마을 월드메르디앙 반도유보라,84.6,2020-04,1,63000.0,63000,63000
,동탄시범다은마을 월드메르디앙 반도유보라,84.6,2020-05,2,67150.0,66500,67800
,동탄시범다은마을 월드메르디앙 반도유보라,84.6,2020-07,4,67850.0,67000,71500
,동탄시범다은마을 월드메르디앙 반도유보라,84.6,2020-08,2,73250.0,72500,74000
,동탄시범다은마을 월드메르디앙 반도유보라,84.6,2020-10,5,69500.0,68500,74000
,동탄시범다은마을 월드메르디앙 반도유보라,84.6,2020-11,4,73600.0,69500,75400
,동탄시범다은마을 월드메르디앙 반도유보라,84.6,2020-12,2,79250.0,79000,79500
,동탄시범다은마을 월드메르디앙 반도유보라,84.6,2021-06,1,82000.0,82000,82000
,동탄시범다은마을 월드메르디앙 반도유보라,84.6,2021-07,2,86850.0,83000,90700
,동탄시범다은마을 월드메르디앙 반도유보라,84.6,2021-08,3,88800.0,86000,93000
,동탄시범다은마을 월드메르디앙 반도유보라,84.6,2021-09,1,98000.0,98000,98000
,동탄시범다은마을 월드메르디앙 반도유보라,84.6,2021-11,1,86000.0,86000,86000
,동탄시범다은마을 월드메르디앙 반도유보라,84.6,2021-12,2,85000.0,85000,85000
,동탄시범다은마을 월드메르디앙 반도유보라,84.6,2023-02,1,70000.0,70000,70000
,동탄시범다은마을 월드메르디앙 반도유보라,84.6,2023-03,1,69800.0,69800,69800
,동탄시범다은마을 월드메르디앙 반도유보라,84.6,2023-06,2,69000.0,68000,70000
,동탄시범다은마을 월드메르디앙 반도유보라,84.6,2023-08,3,70000.0,70000,75500
,동탄시범다은마을 월드메르디앙 반도유보라,84.6,2023-09,1,70000.0,70000,70000
,동탄시범다은마을 월드메르디앙 반도유보라,84.6,2023-10,1,72000.0,72000,72000
,동탄시범다은마을 월드메르디앙 반도유보라,84.6,2023-11,2,72500.0,71000,74000
,동탄시범다은마을 월드메르디앙 반도유보라,84.6,2024-01,1,79000.0,79000,79000
,동탄시범다은마을 월드메르디앙 반도유보라,84.6,2024-04,2,73350.0,70000,76700
,동탄시범다은마을 월드메르디앙 반도유보라,84.6,2024-05,2,75150.0,74500,75800
,동탄시범다은마을 월드메르디앙 반도유보라,84.6,2024-06,3,77500.0,76800,78000
,동탄시범다은마을 월드메르디앙 반도유보라,84.6,2024-07,1,78000.0,78000,78000
,동탄시범다은마을 월드메르디앙 반도유보라,84.6,2024-08,2,78800.0,78600,79000
,동탄시범다은마을 월드메르디앙 반도유보라,84.6,2024-09,2,80850.0,79700,82000
,동탄시범다은마을 월드메르디앙 반도유보라,84.6,2024-10,1,78500.0,78500,78500
,동탄시범다은마을 월드메르디앙 반도유보라,84.6,2024-11,1,82000.0,82000,82000
,동탄시범다은마을 월드메르디앙 반도유보라,84.6,2024-12,1,80800.0,80800,80800
,동탄시범다은마을 월드메르디앙 반도유보라,84.6,2025-03,1,81000.0,81000,81000
,동탄시범다은마을 월드메르디앙 반도유보라,84.6,2025-04,3,81000.0,80800,88000
,동탄시범다은마을 월드메르디앙 반도유보라,84.6,2025-06,2,86750.0,86000,87500
,동탄시범다은마을 월드메르디앙 반도유보라,84.6,2025-07,1,80500.0,80500,80500
,동탄시범다은마을 월드메르디앙 반도유보라,84.6,2025-08,3,83450.0,81500,90000
,동탄시범다은마을 월드메르디앙 반도유보라,84.6,2025-09,3,86500.0,78000,87500
,동탄시범다은마을 월드메르디앙 반도유보라,84.6,2025-11,3,84500.0,83000,87000
,동탄시범다은마을 월드메르디앙 반도유보라,84.6,2026-03,2,93500.0,92500,94500
,동탄시범다은마을 월드메르디앙 반도유보라,84.6,2026-04,2,91000.0,87000,95000
,동탄시범다은마을 월드메르디앙 반도유보라,84.6,2026-05,5,94500.0,92000,95000
,동탄시범다은마을 월드메르디앙 반도유보라,84.6,2026-06,2,84900.0,70000,99800
,동탄시범다은마을 월드메르디앙 반도유보라,84.7,2020-01,2,53850.0,51000,56700
,동탄시범다은마을 월드메르디앙 반도유보라,84.7,2020-02,1,70000.0,70000,70000
,동탄시범다은마을 월드메르디앙 반도유보라,84.7,2020-04,1,65000.0,65000,65000
,동탄시범다은마을 월드메르디앙 반도유보라,84.7,2020-06,2,66750.0,65500,68000
,동탄시범다은마을 월드메르디앙 반도유보라,84.7,2020-08,1,71000.0,71000,71000
,동탄시범다은마을 월드메르디앙 반도유보라,84.7,2020-09,1,70000.0,70000,70000
,동탄시범다은마을 월드메르디앙 반도유보라,84.7,2020-11,2,72250.0,68000,76500
,동탄시범다은마을 월드메르디앙 반도유보라,84.7,2021-02,1,90500.0,90500,90500
,동탄시범다은마을 월드메르디앙 반도유보라,84.7,2021-03,1,87500.0,87500,87500
,동탄시범다은마을 월드메르디앙 반도유보라,84.7,2021-04,1,89000.0,89000,89000
,동탄시범다은마을 월드메르디앙 반도유보라,84.7,2021-05,1,89500.0,89500,89500
,동탄시범다은마을 월드메르디앙 반도유보라,84.7,2021-06,3,88000.0,86000,88500
,동탄시범다은마을 월드메르디앙 반도유보라,84.7,2021-07,4,88250.0,88000,90000
,동탄시범다은마을 월드메르디앙 반도유보라,84.7,2021-08,2,90750.0,86500,95000
,동탄시범다은마을 월드메르디앙 반도유보라,84.7,2021-09,3,94500.0,93800,94700
,동탄시범다은마을 월드메르디앙 반도유보라,84.7,2022-11,2,80000.0,80000,80000
,동탄시범다은마을 월드메르디앙 반도유보라,84.7,2023-02,1,70000.0,70000,70000
,동탄시범다은마을 월드메르디앙 반도유보라,84.7,2023-05,2,69750.0,68000,71500
,동탄시범다은마을 월드메르디앙 반도유보라,84.7,2023-06,3,69700.0,69000,71000
,동탄시범다은마을 월드메르디앙 반도유보라,84.7,2023-08,1,74500.0,74500,74500
,동탄시범다은마을 월드메르디앙 반도유보라,84.7,2023-09,2,70900.0,69500,72300
,동탄시범다은마을 월드메르디앙 반도유보라,84.7,2023-10,2,74375.0,71750,77000
,동탄시범다은마을 월드메르디앙 반도유보라,84.7,2023-11,1,79000.0,79000,79000
,동탄시범다은마을 월드메르디앙 반도유보라,84.7,2024-02,2,75750.0,74000,77500
,동탄시범다은마을 월드메르디앙 반도유보라,84.7,2024-03,1,80000.0,80000,80000
,동탄시범다은마을 월드메르디앙 반도유보라,84.7,2024-04,2,78250.0,74000,82500
,동탄시범다은마을 월드메르디앙 반도유보라,84.7,2024-05,2,77250.0,73500,81000
,동탄시범다은마을 월드메르디앙 반도유보라,84.7,2024-06,1,72000.0,72000,72000
,동탄시범다은마을 월드메르디앙 반도유보라,84.7,2024-07,2,83250.0,82000,84500
,동탄시범다은마을 월드메르디앙 반도유보라,84.7,2024-11,2,78700.0,74400,83000
,동탄시범다은마을 월드메르디앙 반도유보라,84.7,2025-04,2,80500.0,77000,84000
,동탄시범다은마을 월드메르디앙 반도유보라,84.7,2025-07,1,87000.0,87000,87000
,동탄시범다은마을 월드메르디앙 반도유보라,84.7,2025-08,2,84250.0,83500,85000
,동탄시범다은마을 월드메르디앙 반도유보라,84.7,2025-10,1,73500.0,73500,73500
,동탄시범다은마을 월드메르디앙 반도유보라,84.7,2025-11,1,88500.0,88500,88500
,동탄시범다은마을 월드메르디앙 반도유보라,84.7,2025-12,4,86900.0,85400,88000
,동탄시범다은마을 월드메르디앙 반도유보라,84.7,2026-01,5,91000.0,84000,94000
,동탄시범다은마을 월드메르디앙 반도유보라,84.7,2026-02,1,90000.0,90000,90000
,동탄시범다은마을 월드메르디앙 반도유보라,84.7,2026-03,2,93000.0,93000,93000
,동탄시범다은마을 월드메르디앙 반도유보라,84.7,2026-04,8,87500.0,81500,96000
,동탄시범다은마을 월드메르디앙 반도유보라,84.7,2026-05,2,91750.0,90000,93500
,동탄시범다은마을 월드메르디앙 반도유보라,84.7,2026-06,2,83500.0,67000,100000
,동탄역 반도유보라 아이비파크 8.0,73.4,2020-11,1,95000.0,95000,95000
,동탄역 반도유보라 아이비파크 8.0,73.4,2020-12,1,100000.0,100000,100000
,동탄역 반도유보라 아이비파크 8.0,73.4,2021-01,1,105000.0,105000,105000
,동탄역 반도유보라 아이비파크 8.0,73.4,2021-07,1,118000.0,118000,118000
,동탄역 반도유보라 아이비파크 8.0,73.4,2022-02,1,110000.0,110000,110000
,동탄역 반도유보라 아이비파크 8.0,73.4,2022-12,1,75000.0,75000,75000
,동탄역 반도유보라 아이비파크 8.0,73.4,2023-01,2,72650.0,72000,73300
,동탄역 반도유보라 아이비파크 8.0,73.4,2023-02,1,84900.0,84900,84900
,동탄역 반도유보라 아이비파크 8.0,73.4,2023-08,3,92000.0,88000,94000
,동탄역 반도유보라 아이비파크 8.0,73.4,2023-09,2,101250.0,99000,103500
,동탄역 반도유보라 아이비파크 8.0,73.4,2023-10,3,94500.0,90000,99500
,동탄역 반도유보라 아이비파크 8.0,73.4,2023-11,1,93000.0,93000,93000
,동탄역 반도유보라 아이비파크 8.0,73.4,2024-02,1,91000.0,91000,91000
,동탄역 반도유보라 아이비파크 8.0,73.4,2024-04,2,93000.0,91500,94500
,동탄역 반도유보라 아이비파크 8.0,73.4,2024-06,2,97250.0,96500,98000
,동탄역 반도유보라 아이비파크 8.0,73.4,2024-07,1,95000.0,95000,95000
,동탄역 반도유보라 아이비파크 8.0,73.4,2025-01,1,98000.0,98000,98000
,동탄역 반도유보라 아이비파크 8.0,73.4,2025-02,1,94500.0,94500,94500
,동탄역 반도유보라 아이비파크 8.0,73.4,2025-05,1,97000.0,97000,97000
,동탄역 반도유보라 아이비파크 8.0,73.4,2025-06,2,103250.0,102500,104000
,동탄역 반도유보라 아이비파크 8.0,73.4,2025-07,2,100750.0,100500,101000
,동탄역 반도유보라 아이비파크 8.0,73.4,2025-08,2,99950.0,99900,100000
,동탄역 반도유보라 아이비파크 8.0,73.4,2025-10,3,108500.0,104000,109000
,동탄역 반도유보라 아이비파크 8.0,73.4,2025-11,1,109500.0,109500,109500
,동탄역 반도유보라 아이비파크 8.0,73.4,2025-12,1,106300.0,106300,106300
,동탄역 반도유보라 아이비파크 8.0,73.4,2026-01,1,104000.0,104000,104000
,동탄역 반도유보라 아이비파크 8.0,73.4,2026-02,2,119500.0,119500,119500
,동탄역 반도유보라 아이비파크 8.0,73.4,2026-03,1,114500.0,114500,114500
,동탄역 반도유보라 아이비파크 8.0,73.4,2026-04,3,114500.0,111500,122000
,동탄역 반도유보라 아이비파크 8.0,73.4,2026-05,3,122000.0,120000,127000
,동탄역 반도유보라 아이비파크 8.0,73.4,2026-06,1,138000.0,138000,138000
,동탄역 반도유보라 아이비파크 8.0,73.7,2020-06,1,87500.0,87500,87500
,동탄역 반도유보라 아이비파크 8.0,73.7,2020-07,2,98600.0,97200,100000
,동탄역 반도유보라 아이비파크 8.0,73.7,2020-11,1,97000.0,97000,97000
,동탄역 반도유보라 아이비파크 8.0,73.7,2020-12,2,96000.0,93000,99000
,동탄역 반도유보라 아이비파크 8.0,73.7,2021-07,1,110000.0,110000,110000
,동탄역 반도유보라 아이비파크 8.0,73.7,2021-08,1,118000.0,118000,118000
,동탄역 반도유보라 아이비파크 8.0,73.7,2022-04,1,103500.0,103500,103500
,동탄역 반도유보라 아이비파크 8.0,73.7,2022-11,1,79000.0,79000,79000
,동탄역 반도유보라 아이비파크 8.0,73.7,2022-12,1,75000.0,75000,75000
,동탄역 반도유보라 아이비파크 8.0,73.7,2023-02,3,80000.0,78700,84500
,동탄역 반도유보라 아이비파크 8.0,73.7,2023-04,1,89500.0,89500,89500
,동탄역 반도유보라 아이비파크 8.0,73.7,2023-05,1,85000.0,85000,85000
,동탄역 반도유보라 아이비파크 8.0,73.7,2023-07,1,90900.0,90900,90900
,동탄역 반도유보라 아이비파크 8.0,73.7,2023-08,1,97500.0,97500,97500
,동탄역 반도유보라 아이비파크 8.0,73.7,2023-09,3,96500.0,95800,100500
,동탄역 반도유보라 아이비파크 8.0,73.7,2023-10,1,102000.0,102000,102000
,동탄역 반도유보라 아이비파크 8.0,73.7,2024-02,1,90000.0,90000,90000
,동탄역 반도유보라 아이비파크 8.0,73.7,2024-04,1,101000.0,101000,101000
,동탄역 반도유보라 아이비파크 8.0,73.7,2024-07,2,96500.0,95000,98000
,동탄역 반도유보라 아이비파크 8.0,73.7,2024-08,2,96750.0,96000,97500
,동탄역 반도유보라 아이비파크 8.0,73.7,2024-12,1,96000.0,96000,96000
,동탄역 반도유보라 아이비파크 8.0,73.7,2025-03,2,97800.0,96800,98800
,동탄역 반도유보라 아이비파크 8.0,73.7,2025-04,1,96000.0,96000,96000
,동탄역 반도유보라 아이비파크 8.0,73.7,2025-05,1,100000.0,100000,100000
,동탄역 반도유보라 아이비파크 8.0,73.7,2025-06,9,99000.0,92800,105300
,동탄역 반도유보라 아이비파크 8.0,73.7,2025-07,3,100800.0,100000,106000
,동탄역 반도유보라 아이비파크 8.0,73.7,2025-10,2,107100.0,106500,107700
,동탄역 반도유보라 아이비파크 8.0,73.7,2025-11,3,106500.0,103800,115000
,동탄역 반도유보라 아이비파크 8.0,73.7,2025-12,1,115000.0,115000,115000
,동탄역 반도유보라 아이비파크 8.0,73.7,2026-01,1,112000.0,112000,112000
,동탄역 반도유보라 아이비파크 8.0,73.7,2026-02,2,115000.0,115000,115000
,동탄역 반도유보라 아이비파크 8.0,73.7,2026-04,3,112000.0,109000,121000
,동탄역 반도유보라 아이비파크 8.0,73.7,2026-05,4,123250.0,120000,125000
,동탄역 반도유보라 아이비파크 8.0,73.7,2026-06,4,140750.0,124000,147000
,동탄역 반도유보라 아이비파크 8.0,76.2,2020-06,1,84200.0,84200,84200
,동탄역 반도유보라 아이비파크 8.0,76.2,2020-07,1,97800.0,97800,97800
,동탄역 반도유보라 아이비파크 8.0,76.2,2020-12,1,106000.0,106000,106000
,동탄역 반도유보라 아이비파크 8.0,76.2,2021-03,1,116000.0,116000,116000
,동탄역 반도유보라 아이비파크 8.0,76.2,2021-09,1,97000.0,97000,97000
,동탄역 반도유보라 아이비파크 8.0,76.2,2022-08,1,85000.0,85000,85000
,동탄역 반도유보라 아이비파크 8.0,76.2,2022-11,2,76000.0,75000,77000
,동탄역 반도유보라 아이비파크 8.0,76.2,2022-12,1,70000.0,70000,70000
,동탄역 반도유보라 아이비파크 8.0,76.2,2023-08,1,95000.0,95000,95000
,동탄역 반도유보라 아이비파크 8.0,76.2,2023-11,1,87500.0,87500,87500
,동탄역 반도유보라 아이비파크 8.0,76.2,2024-01,1,97500.0,97500,97500
,동탄역 반도유보라 아이비파크 8.0,76.2,2024-04,1,93000.0,93000,93000
,동탄역 반도유보라 아이비파크 8.0,76.2,2025-06,1,100500.0,100500,100500
,동탄역 반도유보라 아이비파크 8.0,76.2,2025-08,1,95000.0,95000,95000
,동탄역 반도유보라 아이비파크 8.0,76.2,2025-09,1,100000.0,100000,100000
,동탄역 반도유보라 아이비파크 8.0,76.2,2025-10,1,110000.0,110000,110000
,동탄역 반도유보라 아이비파크 8.0,76.2,2025-11,1,115700.0,115700,115700
,동탄역 반도유보라 아이비파크 8.0,76.2,2025-12,1,111000.0,111000,111000
,동탄역 반도유보라 아이비파크 8.0,76.2,2026-01,2,111300.0,108000,114600
,동탄역 반도유보라 아이비파크 8.0,76.2,2026-03,1,113000.0,113000,113000
,동탄역 반도유보라 아이비파크 8.0,76.2,2026-04,1,118000.0,118000,118000
,동탄역 반도유보라 아이비파크 8.0,76.2,2026-05,2,125750.0,122000,129500
,동탄역 반도유보라 아이비파크 8.0,86.2,2020-01,1,92800.0,92800,92800
,동탄역 반도유보라 아이비파크 8.0,86.2,2020-10,1,112500.0,112500,112500
,동탄역 반도유보라 아이비파크 8.0,86.2,2020-11,2,118500.0,117000,120000
,동탄역 반도유보라 아이비파크 8.0,86.2,2020-12,3,115500.0,115000,119000
,동탄역 반도유보라 아이비파크 8.0,86.2,2021-06,1,131500.0,131500,131500
,동탄역 반도유보라 아이비파크 8.0,86.2,2021-07,1,140000.0,140000,140000
,동탄역 반도유보라 아이비파크 8.0,86.2,2021-08,1,144700.0,144700,144700
,동탄역 반도유보라 아이비파크 8.0,86.2,2021-12,2,134250.0,129500,139000
,동탄역 반도유보라 아이비파크 8.0,86.2,2022-04,1,127500.0,127500,127500
,동탄역 반도유보라 아이비파크 8.0,86.2,2023-02,2,93250.0,92800,93700
,동탄역 반도유보라 아이비파크 8.0,86.2,2023-04,1,103000.0,103000,103000
,동탄역 반도유보라 아이비파크 8.0,86.2,2023-06,1,110000.0,110000,110000
,동탄역 반도유보라 아이비파크 8.0,86.2,2023-08,1,104500.0,104500,104500
,동탄역 반도유보라 아이비파크 8.0,86.2,2024-05,1,116000.0,116000,116000
,동탄역 반도유보라 아이비파크 8.0,86.2,2024-07,2,115500.0,114500,116500
,동탄역 반도유보라 아이비파크 8.0,86.2,2024-11,1,114000.0,114000,114000
,동탄역 반도유보라 아이비파크 8.0,86.2,2025-02,1,115000.0,115000,115000
,동탄역 반도유보라 아이비파크 8.0,86.2,2025-05,3,112000.0,112000,113000
,동탄역 반도유보라 아이비파크 8.0,86.2,2025-06,4,113100.0,91000,117000
,동탄역 반도유보라 아이비파크 8.0,86.2,2025-08,1,122500.0,122500,122500
,동탄역 반도유보라 아이비파크 8.0,86.2,2025-09,1,103500.0,103500,103500
,동탄역 반도유보라 아이비파크 8.0,86.2,2025-10,3,121000.0,115000,130000
,동탄역 반도유보라 아이비파크 8.0,86.2,2025-11,1,124000.0,124000,124000
,동탄역 반도유보라 아이비파크 8.0,86.2,2026-01,2,126250.0,125000,127500
,동탄역 반도유보라 아이비파크 8.0,86.2,2026-02,1,133000.0,133000,133000
,동탄역 반도유보라 아이비파크 8.0,86.2,2026-03,1,127500.0,127500,127500
,동탄역 반도유보라 아이비파크 8.0,86.2,2026-05,8,137000.0,130500,150000
,동탄역 반도유보라 아이비파크 8.0,86.2,2026-06,1,147000.0,147000,147000
,동탄역 반도유보라 아이비파크5.0,59.9,2020-01,1,62700.0,62700,62700
,동탄역 반도유보라 아이비파크5.0,59.9,2020-07,2,72850.0,70000,75700
,동탄역 반도유보라 아이비파크5.0,59.9,2020-09,1,78000.0,78000,78000
,동탄역 반도유보라 아이비파크5.0,59.9,2020-10,2,77500.0,77000,78000
,동탄역 반도유보라 아이비파크5.0,59.9,2020-11,1,76500.0,76500,76500
,동탄역 반도유보라 아이비파크5.0,59.9,2021-02,2,87750.0,87500,88000
,동탄역 반도유보라 아이비파크5.0,59.9,2021-08,2,93400.0,90000,96800
,동탄역 반도유보라 아이비파크5.0,59.9,2021-11,1,87000.0,87000,87000
,동탄역 반도유보라 아이비파크5.0,59.9,2022-03,1,76000.0,76000,76000
,동탄역 반도유보라 아이비파크5.0,59.9,2022-09,2,62850.0,60700,65000
,동탄역 반도유보라 아이비파크5.0,59.9,2022-10,1,62000.0,62000,62000
,동탄역 반도유보라 아이비파크5.0,59.9,2022-12,2,60950.0,59900,62000
,동탄역 반도유보라 아이비파크5.0,59.9,2023-01,1,64000.0,64000,64000
,동탄역 반도유보라 아이비파크5.0,59.9,2023-03,1,71500.0,71500,71500
,동탄역 반도유보라 아이비파크5.0,59.9,2023-04,1,73000.0,73000,73000
,동탄역 반도유보라 아이비파크5.0,59.9,2023-05,2,74550.0,74300,74800
,동탄역 반도유보라 아이비파크5.0,59.9,2023-07,4,75750.0,75000,78000
,동탄역 반도유보라 아이비파크5.0,59.9,2023-08,2,76800.0,74700,78900
,동탄역 반도유보라 아이비파크5.0,59.9,2023-11,1,75000.0,75000,75000
,동탄역 반도유보라 아이비파크5.0,59.9,2024-01,1,74500.0,74500,74500
,동탄역 반도유보라 아이비파크5.0,59.9,2024-04,1,78500.0,78500,78500
,동탄역 반도유보라 아이비파크5.0,59.9,2024-05,1,79650.0,79650,79650
,동탄역 반도유보라 아이비파크5.0,59.9,2024-06,1,79900.0,79900,79900
,동탄역 반도유보라 아이비파크5.0,59.9,2024-07,4,80150.0,78250,82500
,동탄역 반도유보라 아이비파크5.0,59.9,2024-08,1,83000.0,83000,83000
,동탄역 반도유보라 아이비파크5.0,59.9,2025-01,1,83000.0,83000,83000
,동탄역 반도유보라 아이비파크5.0,59.9,2025-03,3,84000.0,84000,84800
,동탄역 반도유보라 아이비파크5.0,59.9,2025-07,1,84000.0,84000,84000
,동탄역 반도유보라 아이비파크5.0,59.9,2025-09,1,81750.0,81750,81750
,동탄역 반도유보라 아이비파크5.0,59.9,2025-10,3,86000.0,84000,86500
,동탄역 반도유보라 아이비파크5.0,59.9,2025-11,3,85000.0,63000,88500
,동탄역 반도유보라 아이비파크5.0,59.9,2025-12,1,94000.0,94000,94000
,동탄역 반도유보라 아이비파크5.0,59.9,2026-01,6,92900.0,89800,95000
,동탄역 반도유보라 아이비파크5.0,59.9,2026-02,2,95000.0,95000,95000
,동탄역 반도유보라 아이비파크5.0,59.9,2026-03,2,97350.0,96700,98000
,동탄역 반도유보라 아이비파크5.0,59.9,2026-04,1,99400.0,99400,99400
,동탄역 반도유보라 아이비파크5.0,59.9,2026-05,3,102000.0,98000,110000
,동탄역 반도유보라 아이비파크5.0,59.9,2026-06,1,117000.0,117000,117000
,동탄역 반도유보라 아이비파크5.0,74.4,2020-04,1,79000.0,79000,79000
,동탄역 반도유보라 아이비파크5.0,74.4,2020-06,2,79100.0,78200,80000
,동탄역 반도유보라 아이비파크5.0,74.4,2020-07,1,84000.0,84000,84000
,동탄역 반도유보라 아이비파크5.0,74.4,2020-11,2,88500.0,88000,89000
,동탄역 반도유보라 아이비파크5.0,74.4,2021-01,4,96750.0,89300,100000
,동탄역 반도유보라 아이비파크5.0,74.4,2021-02,1,101000.0,101000,101000
,동탄역 반도유보라 아이비파크5.0,74.4,2022-12,1,90000.0,90000,90000
,동탄역 반도유보라 아이비파크5.0,74.4,2023-02,1,74500.0,74500,74500
,동탄역 반도유보라 아이비파크5.0,74.4,2023-05,1,88500.0,88500,88500
,동탄역 반도유보라 아이비파크5.0,74.4,2023-10,2,86950.0,83000,90900
,동탄역 반도유보라 아이비파크5.0,74.4,2024-02,2,85000.0,85000,85000
,동탄역 반도유보라 아이비파크5.0,74.4,2024-03,1,85000.0,85000,85000
,동탄역 반도유보라 아이비파크5.0,74.4,2024-05,1,86000.0,86000,86000
,동탄역 반도유보라 아이비파크5.0,74.4,2024-07,3,88000.0,86500,89600
,동탄역 반도유보라 아이비파크5.0,74.4,2025-03,1,91500.0,91500,91500
,동탄역 반도유보라 아이비파크5.0,74.4,2025-05,1,90500.0,90500,90500
,동탄역 반도유보라 아이비파크5.0,74.4,2025-06,1,91000.0,91000,91000
,동탄역 반도유보라 아이비파크5.0,74.4,2025-07,1,89900.0,89900,89900
,동탄역 반도유보라 아이비파크5.0,74.4,2025-08,1,90000.0,90000,90000
,동탄역 반도유보라 아이비파크5.0,74.4,2025-09,1,89700.0,89700,89700
,동탄역 반도유보라 아이비파크5.0,74.4,2025-10,4,91900.0,90000,95000
,동탄역 반도유보라 아이비파크5.0,74.4,2025-12,3,93000.0,90500,93000
,동탄역 반도유보라 아이비파크5.0,74.4,2026-01,3,97500.0,95000,99800
,동탄역 반도유보라 아이비파크5.0,74.4,2026-02,2,99000.0,99000,99000
,동탄역 반도유보라 아이비파크5.0,74.4,2026-03,5,100000.0,95800,102500
,동탄역 반도유보라 아이비파크5.0,74.4,2026-04,1,104000.0,104000,104000
,동탄역 반도유보라 아이비파크5.0,74.4,2026-05,1,108700.0,108700,108700
,동탄역 반도유보라 아이비파크5.0,85.0,2020-01,1,84700.0,84700,84700
,동탄역 반도유보라 아이비파크5.0,85.0,2020-02,2,81500.0,79000,84000
,동탄역 반도유보라 아이비파크5.0,85.0,2020-03,3,88900.0,84000,90000
,동탄역 반도유보라 아이비파크5.0,85.0,2020-07,2,93500.0,93000,94000
,동탄역 반도유보라 아이비파크5.0,85.0,2020-12,2,98500.0,98000,99000
,동탄역 반도유보라 아이비파크5.0,85.0,2021-01,2,110750.0,105000,116500
,동탄역 반도유보라 아이비파크5.0,85.0,2021-05,1,119500.0,119500,119500
,동탄역 반도유보라 아이비파크5.0,85.0,2021-07,1,125000.0,125000,125000
,동탄역 반도유보라 아이비파크5.0,85.0,2021-10,1,110000.0,110000,110000
,동탄역 반도유보라 아이비파크5.0,85.0,2021-11,1,116300.0,116300,116300
,동탄역 반도유보라 아이비파크5.0,85.0,2022-12,1,100000.0,100000,100000
,동탄역 반도유보라 아이비파크5.0,85.0,2023-04,1,90000.0,90000,90000
,동탄역 반도유보라 아이비파크5.0,85.0,2023-07,1,95000.0,95000,95000
,동탄역 반도유보라 아이비파크5.0,85.0,2023-10,1,97500.0,97500,97500
,동탄역 반도유보라 아이비파크5.0,85.0,2024-02,1,102000.0,102000,102000
,동탄역 반도유보라 아이비파크5.0,85.0,2024-06,1,98500.0,98500,98500
,동탄역 반도유보라 아이비파크5.0,85.0,2024-08,3,103000.0,95000,104000
,동탄역 반도유보라 아이비파크5.0,85.0,2024-09,1,106250.0,106250,106250
,동탄역 반도유보라 아이비파크5.0,85.0,2024-10,1,105200.0,105200,105200
,동탄역 반도유보라 아이비파크5.0,85.0,2025-06,1,99500.0,99500,99500
,동탄역 반도유보라 아이비파크5.0,85.0,2025-09,1,100000.0,100000,100000
,동탄역 반도유보라 아이비파크5.0,85.0,2025-10,1,100000.0,100000,100000
,동탄역 반도유보라 아이비파크5.0,85.0,2025-11,4,103750.0,102000,108500
,동탄역 반도유보라 아이비파크5.0,85.0,2025-12,3,104500.0,102500,104500
,동탄역 반도유보라 아이비파크5.0,85.0,2026-01,3,107500.0,105000,111000
,동탄역 반도유보라 아이비파크5.0,85.0,2026-02,2,110000.0,110000,110000
,동탄역 반도유보라 아이비파크5.0,85.0,2026-04,1,115000.0,115000,115000
,동탄역 반도유보라 아이비파크5.0,85.0,2026-05,2,99000.0,99000,99000
,동탄역 반도유보라 아이비파크5.0,96.8,2020-01,1,92900.0,92900,92900
,동탄역 반도유보라 아이비파크5.0,96.8,2020-05,1,98000.0,98000,98000
,동탄역 반도유보라 아이비파크5.0,96.8,2020-07,1,97500.0,97500,97500
,동탄역 반도유보라 아이비파크5.0,96.8,2021-01,1,116000.0,116000,116000
,동탄역 반도유보라 아이비파크5.0,96.8,2021-03,1,130000.0,130000,130000
,동탄역 반도유보라 아이비파크5.0,96.8,2021-04,1,135000.0,135000,135000
,동탄역 반도유보라 아이비파크5.0,96.8,2021-07,2,141000.0,140000,142000
,동탄역 반도유보라 아이비파크5.0,96.8,2021-09,1,144000.0,144000,144000
,동탄역 반도유보라 아이비파크5.0,96.8,2022-12,1,78000.0,78000,78000
,동탄역 반도유보라 아이비파크5.0,96.8,2023-05,1,107500.0,107500,107500
,동탄역 반도유보라 아이비파크5.0,96.8,2023-07,2,109500.0,104500,114500
,동탄역 반도유보라 아이비파크5.0,96.8,2024-09,1,117700.0,117700,117700
,동탄역 반도유보라 아이비파크5.0,96.8,2025-05,1,105750.0,105750,105750
,동탄역 반도유보라 아이비파크5.0,96.8,2025-12,1,110500.0,110500,110500
,동탄역 반도유보라 아이비파크5.0,96.8,2026-01,5,113000.0,110000,116000
,동탄역 반도유보라 아이비파크5.0,96.8,2026-03,5,120500.0,115000,129000
,동탄역 반도유보라 아이비파크5.0,96.8,2026-06,3,137000.0,135000,145000
,동탄역 반도유보라 아이비파크6.0,59.9,2020-03,1,74500.0,74500,74500
,동탄역 반도유보라 아이비파크6.0,59.9,2020-06,2,71950.0,69400,74500
,동탄역 반도유보라 아이비파크6.0,59.9,2020-07,1,73500.0,73500,73500
,동탄역 반도유보라 아이비파크6.0,59.9,2020-08,2,77400.0,75800,79000
,동탄역 반도유보라 아이비파크6.0,59.9,2020-09,1,79300.0,79300,79300
,동탄역 반도유보라 아이비파크6.0,59.9,2020-11,2,80500.0,80400,80600
,동탄역 반도유보라 아이비파크6.0,59.9,2020-12,1,84000.0,84000,84000
,동탄역 반도유보라 아이비파크6.0,59.9,2021-01,2,91150.0,89800,92500
,동탄역 반도유보라 아이비파크6.0,59.9,2021-02,2,90900.0,85900,95900
,동탄역 반도유보라 아이비파크6.0,59.9,2021-09,1,97000.0,97000,97000
,동탄역 반도유보라 아이비파크6.0,59.9,2022-01,2,79000.0,78000,80000
,동탄역 반도유보라 아이비파크6.0,59.9,2022-02,2,81650.0,78500,84800
,동탄역 반도유보라 아이비파크6.0,59.9,2022-05,1,80500.0,80500,80500
,동탄역 반도유보라 아이비파크6.0,59.9,2022-06,1,79000.0,79000,79000
,동탄역 반도유보라 아이비파크6.0,59.9,2022-09,2,73000.0,68000,78000
,동탄역 반도유보라 아이비파크6.0,59.9,2022-10,1,66000.0,66000,66000
,동탄역 반도유보라 아이비파크6.0,59.9,2022-12,1,63000.0,63000,63000
,동탄역 반도유보라 아이비파크6.0,59.9,2023-02,1,66700.0,66700,66700
,동탄역 반도유보라 아이비파크6.0,59.9,2023-04,1,75500.0,75500,75500
,동탄역 반도유보라 아이비파크6.0,59.9,2023-05,1,76500.0,76500,76500
,동탄역 반도유보라 아이비파크6.0,59.9,2023-07,2,80000.0,80000,80000
,동탄역 반도유보라 아이비파크6.0,59.9,2023-09,1,81500.0,81500,81500
,동탄역 반도유보라 아이비파크6.0,59.9,2023-12,1,80000.0,80000,80000
,동탄역 반도유보라 아이비파크6.0,59.9,2024-05,1,81000.0,81000,81000
,동탄역 반도유보라 아이비파크6.0,59.9,2024-06,2,80150.0,80000,80300
,동탄역 반도유보라 아이비파크6.0,59.9,2024-07,4,81000.0,78700,82500
,동탄역 반도유보라 아이비파크6.0,59.9,2024-08,4,81650.0,79500,84800
,동탄역 반도유보라 아이비파크6.0,59.9,2024-10,1,87000.0,87000,87000
,동탄역 반도유보라 아이비파크6.0,59.9,2024-12,1,85000.0,85000,85000
,동탄역 반도유보라 아이비파크6.0,59.9,2025-05,2,85900.0,85300,86500
,동탄역 반도유보라 아이비파크6.0,59.9,2025-06,2,87750.0,86800,88700
,동탄역 반도유보라 아이비파크6.0,59.9,2025-08,1,87950.0,87950,87950
,동탄역 반도유보라 아이비파크6.0,59.9,2025-09,3,87400.0,80000,88750
,동탄역 반도유보라 아이비파크6.0,59.9,2025-10,3,91000.0,89000,94000
,동탄역 반도유보라 아이비파크6.0,59.9,2025-11,5,93800.0,56000,95500
,동탄역 반도유보라 아이비파크6.0,59.9,2025-12,1,98500.0,98500,98500
,동탄역 반도유보라 아이비파크6.0,59.9,2026-01,4,103550.0,103000,105000
,동탄역 반도유보라 아이비파크6.0,59.9,2026-04,3,108000.0,106000,109000
,동탄역 반도유보라 아이비파크6.0,59.9,2026-05,6,114500.0,111500,125000
,동탄역 반도유보라 아이비파크6.0,59.9,2026-06,4,131000.0,109000,139500
,동탄역 반도유보라 아이비파크6.0,74.4,2020-02,1,74000.0,74000,74000
,동탄역 반도유보라 아이비파크6.0,74.4,2020-07,3,88500.0,88000,88700
,동탄역 반도유보라 아이비파크6.0,74.4,2020-09,2,88000.0,87500,88500
,동탄역 반도유보라 아이비파크6.0,74.4,2020-11,1,87000.0,87000,87000
,동탄역 반도유보라 아이비파크6.0,74.4,2021-01,1,87000.0,87000,87000
,동탄역 반도유보라 아이비파크6.0,74.4,2021-02,1,96000.0,96000,96000
,동탄역 반도유보라 아이비파크6.0,74.4,2022-02,1,91000.0,91000,91000
,동탄역 반도유보라 아이비파크6.0,74.4,2024-02,1,88000.0,88000,88000
,동탄역 반도유보라 아이비파크6.0,74.4,2024-05,1,61000.0,61000,61000
,동탄역 반도유보라 아이비파크6.0,74.4,2025-03,1,93000.0,93000,93000
,동탄역 반도유보라 아이비파크6.0,74.4,2025-04,1,90000.0,90000,90000
,동탄역 반도유보라 아이비파크6.0,74.4,2025-10,1,106000.0,106000,106000
,동탄역 반도유보라 아이비파크6.0,74.4,2025-11,3,103000.0,98500,103000
,동탄역 반도유보라 아이비파크6.0,74.4,2026-01,5,106000.0,103500,108000
,동탄역 반도유보라 아이비파크6.0,74.4,2026-02,3,103000.0,103000,109500
,동탄역 반도유보라 아이비파크6.0,74.4,2026-03,1,106000.0,106000,106000
,동탄역 반도유보라 아이비파크6.0,74.4,2026-04,3,108200.0,106500,113000
,동탄역 반도유보라 아이비파크6.0,74.4,2026-05,1,124000.0,124000,124000
,동탄역 반도유보라 아이비파크6.0,85.0,2020-01,1,86000.0,86000,86000
,동탄역 반도유보라 아이비파크6.0,85.0,2020-02,4,84650.0,81500,85400
,동탄역 반도유보라 아이비파크6.0,85.0,2020-06,2,93250.0,91500,95000
,동탄역 반도유보라 아이비파크6.0,85.0,2020-07,2,98750.0,98500,99000
,동탄역 반도유보라 아이비파크6.0,85.0,2020-09,1,98000.0,98000,98000
,동탄역 반도유보라 아이비파크6.0,85.0,2021-06,1,124000.0,124000,124000
,동탄역 반도유보라 아이비파크6.0,85.0,2021-09,2,126000.0,125000,127000
,동탄역 반도유보라 아이비파크6.0,85.0,2021-12,1,127000.0,127000,127000
,동탄역 반도유보라 아이비파크6.0,85.0,2022-09,1,90000.0,90000,90000
,동탄역 반도유보라 아이비파크6.0,85.0,2023-04,2,94500.0,94000,95000
,동탄역 반도유보라 아이비파크6.0,85.0,2023-05,1,97200.0,97200,97200
,동탄역 반도유보라 아이비파크6.0,85.0,2023-07,2,101000.0,98000,104000
,동탄역 반도유보라 아이비파크6.0,85.0,2024-01,1,105000.0,105000,105000
,동탄역 반도유보라 아이비파크6.0,85.0,2024-08,1,99000.0,99000,99000
,동탄역 반도유보라 아이비파크6.0,85.0,2024-12,1,102000.0,102000,102000
,동탄역 반도유보라 아이비파크6.0,85.0,2025-05,2,101500.0,101500,101500
,동탄역 반도유보라 아이비파크6.0,85.0,2025-06,4,101150.0,99000,104700
,동탄역 반도유보라 아이비파크6.0,85.0,2025-07,1,96500.0,96500,96500
,동탄역 반도유보라 아이비파크6.0,85.0,2025-09,1,104500.0,104500,104500
,동탄역 반도유보라 아이비파크6.0,85.0,2025-10,2,106950.0,105900,108000
,동탄역 반도유보라 아이비파크6.0,85.0,2025-11,2,107000.0,100000,114000
,동탄역 반도유보라 아이비파크6.0,85.0,2025-12,2,106250.0,105500,107000
,동탄역 반도유보라 아이비파크6.0,85.0,2026-01,2,114500.0,114000,115000
,동탄역 반도유보라 아이비파크6.0,85.0,2026-03,2,116500.0,114000,119000
,동탄역 반도유보라 아이비파크6.0,85.0,2026-04,1,126900.0,126900,126900
,동탄역 반도유보라 아이비파크6.0,85.0,2026-05,4,127500.0,118000,132500
,동탄역 반도유보라 아이비파크6.0,85.0,2026-06,1,148000.0,148000,148000
,동탄역 반도유보라 아이비파크6.0,96.8,2020-01,2,96750.0,95000,98500
,동탄역 반도유보라 아이비파크6.0,96.8,2020-02,1,99000.0,99000,99000
,동탄역 반도유보라 아이비파크6.0,96.8,2020-05,1,100500.0,100500,100500
,동탄역 반도유보라 아이비파크6.0,96.8,2021-03,1,135000.0,135000,135000
,동탄역 반도유보라 아이비파크6.0,96.8,2021-06,1,143500.0,143500,143500
,동탄역 반도유보라 아이비파크6.0,96.8,2021-09,1,138000.0,138000,138000
,동탄역 반도유보라 아이비파크6.0,96.8,2021-11,1,139800.0,139800,139800
,동탄역 반도유보라 아이비파크6.0,96.8,2022-09,1,110000.0,110000,110000
,동탄역 반도유보라 아이비파크6.0,96.8,2023-01,1,93000.0,93000,93000
,동탄역 반도유보라 아이비파크6.0,96.8,2023-02,1,104500.0,104500,104500
,동탄역 반도유보라 아이비파크6.0,96.8,2023-09,1,117500.0,117500,117500
,동탄역 반도유보라 아이비파크6.0,96.8,2025-06,1,113000.0,113000,113000
,동탄역 반도유보라 아이비파크6.0,96.8,2025-10,1,126500.0,126500,126500
,동탄역 반도유보라 아이비파크6.0,96.8,2026-05,2,138900.0,137800,140000
,동탄역 반도유보라 아이비파크6.0,96.8,2026-06,1,140000.0,140000,140000
,동탄역 시범우남퍼스트빌아파트,60.0,2020-01,2,70000.0,70000,70000
,동탄역 시범우남퍼스트빌아파트,60.0,2020-02,4,73000.0,71000,74000
,동탄역 시범우남퍼스트빌아파트,60.0,2020-06,5,76500.0,76000,77000
,동탄역 시범우남퍼스트빌아파트,60.0,2020-07,1,77400.0,77400,77400
,동탄역 시범우남퍼스트빌아파트,60.0,2020-08,2,80100.0,79500,80700
,동탄역 시범우남퍼스트빌아파트,60.0,2020-09,3,84400.0,80000,84700
,동탄역 시범우남퍼스트빌아파트,60.0,2020-10,1,87200.0,87200,87200
,동탄역 시범우남퍼스트빌아파트,60.0,2020-11,4,83500.0,72000,86800
,동탄역 시범우남퍼스트빌아파트,60.0,2020-12,9,87000.0,82000,89500
,동탄역 시범우남퍼스트빌아파트,60.0,2021-01,2,98700.0,97500,99900
,동탄역 시범우남퍼스트빌아파트,60.0,2021-02,1,101000.0,101000,101000
,동탄역 시범우남퍼스트빌아파트,60.0,2021-04,1,85000.0,85000,85000
,동탄역 시범우남퍼스트빌아파트,60.0,2021-05,1,101700.0,101700,101700
,동탄역 시범우남퍼스트빌아파트,60.0,2021-06,2,101850.0,101700,102000
,동탄역 시범우남퍼스트빌아파트,60.0,2021-07,3,102000.0,102000,102500
,동탄역 시범우남퍼스트빌아파트,60.0,2021-08,6,102850.0,97000,110000
,동탄역 시범우남퍼스트빌아파트,60.0,2021-11,2,96250.0,94500,98000
,동탄역 시범우남퍼스트빌아파트,60.0,2022-01,2,92500.0,92000,93000
,동탄역 시범우남퍼스트빌아파트,60.0,2022-02,3,90500.0,88000,93000
,동탄역 시범우남퍼스트빌아파트,60.0,2022-03,1,90000.0,90000,90000
,동탄역 시범우남퍼스트빌아파트,60.0,2022-04,1,89800.0,89800,89800
,동탄역 시범우남퍼스트빌아파트,60.0,2022-05,1,93400.0,93400,93400
,동탄역 시범우남퍼스트빌아파트,60.0,2022-06,1,89900.0,89900,89900
,동탄역 시범우남퍼스트빌아파트,60.0,2022-08,1,88000.0,88000,88000
,동탄역 시범우남퍼스트빌아파트,60.0,2022-09,1,79500.0,79500,79500
,동탄역 시범우남퍼스트빌아파트,60.0,2022-10,2,77850.0,72000,83700
,동탄역 시범우남퍼스트빌아파트,60.0,2022-11,5,62500.0,52000,73000
,동탄역 시범우남퍼스트빌아파트,60.0,2022-12,4,70500.0,69500,71500
,동탄역 시범우남퍼스트빌아파트,60.0,2023-01,1,75000.0,75000,75000
,동탄역 시범우남퍼스트빌아파트,60.0,2023-02,3,77000.0,75500,79000
,동탄역 시범우남퍼스트빌아파트,60.0,2023-03,4,82400.0,75000,83000
,동탄역 시범우남퍼스트빌아파트,60.0,2023-04,2,82650.0,79500,85800
,동탄역 시범우남퍼스트빌아파트,60.0,2023-05,6,83650.0,79500,86700
,동탄역 시범우남퍼스트빌아파트,60.0,2023-06,4,85600.0,80000,88500
,동탄역 시범우남퍼스트빌아파트,60.0,2023-07,2,85750.0,84500,87000
,동탄역 시범우남퍼스트빌아파트,60.0,2023-08,1,85000.0,85000,85000
,동탄역 시범우남퍼스트빌아파트,60.0,2023-11,1,87000.0,87000,87000
,동탄역 시범우남퍼스트빌아파트,60.0,2024-01,2,88250.0,87000,89500
,동탄역 시범우남퍼스트빌아파트,60.0,2024-02,1,80000.0,80000,80000
,동탄역 시범우남퍼스트빌아파트,60.0,2024-03,2,86950.0,85000,88900
,동탄역 시범우남퍼스트빌아파트,60.0,2024-04,3,86500.0,85000,89800
,동탄역 시범우남퍼스트빌아파트,60.0,2024-05,3,88000.0,86500,89900
,동탄역 시범우남퍼스트빌아파트,60.0,2024-06,1,84500.0,84500,84500
,동탄역 시범우남퍼스트빌아파트,60.0,2024-07,6,87000.0,83000,89500
,동탄역 시범우남퍼스트빌아파트,60.0,2024-08,3,91400.0,85000,92250
,동탄역 시범우남퍼스트빌아파트,60.0,2024-09,3,89000.0,88500,90000
,동탄역 시범우남퍼스트빌아파트,60.0,2024-10,1,92700.0,92700,92700
,동탄역 시범우남퍼스트빌아파트,60.0,2024-11,7,89900.0,88000,92250
,동탄역 시범우남퍼스트빌아파트,60.0,2024-12,2,89700.0,89500,89900
,동탄역 시범우남퍼스트빌아파트,60.0,2025-01,1,89500.0,89500,89500
,동탄역 시범우남퍼스트빌아파트,60.0,2025-02,3,91500.0,86000,93000
,동탄역 시범우남퍼스트빌아파트,60.0,2025-03,7,91500.0,90000,93000
,동탄역 시범우남퍼스트빌아파트,60.0,2025-04,1,94000.0,94000,94000
,동탄역 시범우남퍼스트빌아파트,60.0,2025-05,4,91500.0,90000,94900
,동탄역 시범우남퍼스트빌아파트,60.0,2025-06,7,94000.0,88500,96000
,동탄역 시범우남퍼스트빌아파트,60.0,2025-07,3,94500.0,93300,97700
,동탄역 시범우남퍼스트빌아파트,60.0,2025-08,1,97000.0,97000,97000
,동탄역 시범우남퍼스트빌아파트,60.0,2025-09,5,98700.0,94000,99500
,동탄역 시범우남퍼스트빌아파트,60.0,2025-10,7,101000.0,97000,107000
,동탄역 시범우남퍼스트빌아파트,60.0,2025-11,6,105750.0,99800,109000
,동탄역 시범우남퍼스트빌아파트,60.0,2025-12,4,111400.0,93000,113000
,동탄역 시범우남퍼스트빌아파트,60.0,2026-01,8,111650.0,109300,118500
,동탄역 시범우남퍼스트빌아파트,60.0,2026-02,6,120650.0,116000,124700
,동탄역 시범우남퍼스트빌아파트,60.0,2026-03,8,123500.0,119700,124800
,동탄역 시범우남퍼스트빌아파트,60.0,2026-04,1,120000.0,120000,120000
,동탄역 시범우남퍼스트빌아파트,60.0,2026-05,8,125000.0,124000,127000
,동탄역 시범우남퍼스트빌아파트,60.0,2026-06,1,127500.0,127500,127500
,동탄역 시범우남퍼스트빌아파트,70.0,2020-01,1,74000.0,74000,74000
,동탄역 시범우남퍼스트빌아파트,70.0,2020-02,3,75500.0,75000,76900
,동탄역 시범우남퍼스트빌아파트,70.0,2020-05,1,72000.0,72000,72000
,동탄역 시범우남퍼스트빌아파트,70.0,2020-06,3,75500.0,71000,80000
,동탄역 시범우남퍼스트빌아파트,70.0,2020-07,2,82500.0,82000,83000
,동탄역 시범우남퍼스트빌아파트,70.0,2020-10,5,84600.0,82700,86500
,동탄역 시범우남퍼스트빌아파트,70.0,2020-11,3,84400.0,83500,89400
,동탄역 시범우남퍼스트빌아파트,70.0,2020-12,1,88000.0,88000,88000
,동탄역 시범우남퍼스트빌아파트,70.0,2021-09,1,113000.0,113000,113000
,동탄역 시범우남퍼스트빌아파트,70.0,2021-10,1,114500.0,114500,114500
,동탄역 시범우남퍼스트빌아파트,70.0,2021-12,1,94000.0,94000,94000
,동탄역 시범우남퍼스트빌아파트,70.0,2022-05,1,92000.0,92000,92000
,동탄역 시범우남퍼스트빌아파트,70.0,2022-12,3,76000.0,75500,77500
,동탄역 시범우남퍼스트빌아파트,70.0,2023-01,2,76500.0,76000,77000
,동탄역 시범우남퍼스트빌아파트,70.0,2023-02,1,71500.0,71500,71500
,동탄역 시범우남퍼스트빌아파트,70.0,2023-03,2,86750.0,86500,87000
,동탄역 시범우남퍼스트빌아파트,70.0,2023-05,1,87500.0,87500,87500
,동탄역 시범우남퍼스트빌아파트,70.0,2023-07,1,89800.0,89800,89800
,동탄역 시범우남퍼스트빌아파트,70.0,2023-10,2,92075.0,92000,92150
,동탄역 시범우남퍼스트빌아파트,70.0,2023-11,1,92500.0,92500,92500
,동탄역 시범우남퍼스트빌아파트,70.0,2024-02,1,86500.0,86500,86500
,동탄역 시범우남퍼스트빌아파트,70.0,2024-03,1,88000.0,88000,88000
,동탄역 시범우남퍼스트빌아파트,70.0,2024-04,1,88000.0,88000,88000
,동탄역 시범우남퍼스트빌아파트,70.0,2024-07,1,89000.0,89000,89000
,동탄역 시범우남퍼스트빌아파트,70.0,2024-08,1,95800.0,95800,95800
,동탄역 시범우남퍼스트빌아파트,70.0,2024-09,1,92500.0,92500,92500
,동탄역 시범우남퍼스트빌아파트,70.0,2024-10,1,94700.0,94700,94700
,동탄역 시범우남퍼스트빌아파트,70.0,2025-01,1,92500.0,92500,92500
,동탄역 시범우남퍼스트빌아파트,70.0,2025-02,1,94500.0,94500,94500
,동탄역 시범우남퍼스트빌아파트,70.0,2025-03,4,93000.0,92000,94700
,동탄역 시범우남퍼스트빌아파트,70.0,2025-06,1,98000.0,98000,98000
,동탄역 시범우남퍼스트빌아파트,70.0,2025-09,4,98750.0,96000,101500
,동탄역 시범우남퍼스트빌아파트,70.0,2025-10,2,103900.0,102800,105000
,동탄역 시범우남퍼스트빌아파트,70.0,2025-11,1,114000.0,114000,114000
,동탄역 시범우남퍼스트빌아파트,70.0,2025-12,1,114700.0,114700,114700
,동탄역 시범우남퍼스트빌아파트,70.0,2026-01,1,123000.0,123000,123000
,동탄역 시범우남퍼스트빌아파트,70.0,2026-02,1,119500.0,119500,119500
,동탄역 시범우남퍼스트빌아파트,70.0,2026-03,3,121900.0,120000,125300
,동탄역 시범우남퍼스트빌아파트,70.0,2026-04,2,124250.0,124000,124500
,동탄역 시범우남퍼스트빌아파트,70.0,2026-05,5,130000.0,125000,138000
,동탄역 시범우남퍼스트빌아파트,74.0,2020-01,3,79000.0,75800,79000
,동탄역 시범우남퍼스트빌아파트,74.0,2020-04,1,72000.0,72000,72000
,동탄역 시범우남퍼스트빌아파트,74.0,2020-06,2,81400.0,79800,83000
,동탄역 시범우남퍼스트빌아파트,74.0,2020-07,6,86000.0,84500,87000
,동탄역 시범우남퍼스트빌아파트,74.0,2020-08,5,87000.0,84900,89000
,동탄역 시범우남퍼스트빌아파트,74.0,2020-09,3,88000.0,85000,89500
,동탄역 시범우남퍼스트빌아파트,74.0,2020-11,6,92850.0,78000,95700
,동탄역 시범우남퍼스트빌아파트,74.0,2020-12,2,97500.0,95000,100000
,동탄역 시범우남퍼스트빌아파트,74.0,2021-01,2,104750.0,99500,110000
,동탄역 시범우남퍼스트빌아파트,74.0,2021-07,4,112350.0,110000,115700
,동탄역 시범우남퍼스트빌아파트,74.0,2021-08,2,110900.0,107800,114000
,동탄역 시범우남퍼스트빌아파트,74.0,2021-09,2,117650.0,116800,118500
,동탄역 시범우남퍼스트빌아파트,74.0,2021-12,1,99500.0,99500,99500
,동탄역 시범우남퍼스트빌아파트,74.0,2022-01,1,102000.0,102000,102000
,동탄역 시범우남퍼스트빌아파트,74.0,2022-02,1,99500.0,99500,99500
,동탄역 시범우남퍼스트빌아파트,74.0,2022-04,1,101000.0,101000,101000
,동탄역 시범우남퍼스트빌아파트,74.0,2022-11,2,83000.0,80000,86000
,동탄역 시범우남퍼스트빌아파트,74.0,2022-12,1,79000.0,79000,79000
,동탄역 시범우남퍼스트빌아파트,74.0,2023-03,1,89000.0,89000,89000
,동탄역 시범우남퍼스트빌아파트,74.0,2023-04,1,93000.0,93000,93000
,동탄역 시범우남퍼스트빌아파트,74.0,2023-05,4,91500.0,70000,93000
,동탄역 시범우남퍼스트빌아파트,74.0,2023-06,2,96250.0,96000,96500
,동탄역 시범우남퍼스트빌아파트,74.0,2023-08,2,91750.0,91500,92000
,동탄역 시범우남퍼스트빌아파트,74.0,2023-09,2,98000.0,97000,99000
,동탄역 시범우남퍼스트빌아파트,74.0,2023-10,2,99500.0,99500,99500
,동탄역 시범우남퍼스트빌아파트,74.0,2023-12,1,99500.0,99500,99500
,동탄역 시범우남퍼스트빌아파트,74.0,2024-03,2,94250.0,92000,96500
,동탄역 시범우남퍼스트빌아파트,74.0,2024-04,1,92000.0,92000,92000
,동탄역 시범우남퍼스트빌아파트,74.0,2024-05,2,95000.0,95000,95000
,동탄역 시범우남퍼스트빌아파트,74.0,2024-06,2,94350.0,92500,96200
,동탄역 시범우남퍼스트빌아파트,74.0,2024-07,4,97625.0,92700,99200
,동탄역 시범우남퍼스트빌아파트,74.0,2024-08,3,99800.0,99000,100800
,동탄역 시범우남퍼스트빌아파트,74.0,2024-10,1,100000.0,100000,100000
,동탄역 시범우남퍼스트빌아파트,74.0,2025-01,2,98000.0,95000,101000
,동탄역 시범우남퍼스트빌아파트,74.0,2025-02,1,98000.0,98000,98000
,동탄역 시범우남퍼스트빌아파트,74.0,2025-03,3,98000.0,94500,99400
,동탄역 시범우남퍼스트빌아파트,74.0,2025-04,4,99000.0,90000,100500
,동탄역 시범우남퍼스트빌아파트,74.0,2025-05,1,100000.0,100000,100000
,동탄역 시범우남퍼스트빌아파트,74.0,2025-06,8,99900.0,98000,102000
,동탄역 시범우남퍼스트빌아파트,74.0,2025-07,2,99750.0,98500,101000
,동탄역 시범우남퍼스트빌아파트,74.0,2025-08,5,102800.0,98500,103000
,동탄역 시범우남퍼스트빌아파트,74.0,2025-09,6,102000.0,98000,105500
,동탄역 시범우남퍼스트빌아파트,74.0,2025-10,7,105200.0,103600,114000
,동탄역 시범우남퍼스트빌아파트,74.0,2025-11,3,115000.0,113000,118000
,동탄역 시범우남퍼스트빌아파트,74.0,2025-12,1,116500.0,116500,116500
,동탄역 시범우남퍼스트빌아파트,74.0,2026-01,7,118000.0,116000,120000
,동탄역 시범우남퍼스트빌아파트,74.0,2026-02,1,124000.0,124000,124000
,동탄역 시범우남퍼스트빌아파트,74.0,2026-03,2,127500.0,126000,129000
,동탄역 시범우남퍼스트빌아파트,74.0,2026-05,3,131000.0,129000,134000
,동탄역 시범우남퍼스트빌아파트,74.0,2026-06,1,156000.0,156000,156000
,동탄역 시범우남퍼스트빌아파트,84.9,2020-02,3,95000.0,94800,99500
,동탄역 시범우남퍼스트빌아파트,84.9,2020-04,1,89400.0,89400,89400
,동탄역 시범우남퍼스트빌아파트,84.9,2020-05,1,89000.0,89000,89000
,동탄역 시범우남퍼스트빌아파트,84.9,2020-06,3,100000.0,98000,100000
,동탄역 시범우남퍼스트빌아파트,84.9,2020-07,1,102000.0,102000,102000
,동탄역 시범우남퍼스트빌아파트,84.9,2020-08,1,107800.0,107800,107800
,동탄역 시범우남퍼스트빌아파트,84.9,2020-09,2,109750.0,109500,110000
,동탄역 시범우남퍼스트빌아파트,84.9,2020-11,1,120000.0,120000,120000
,동탄역 시범우남퍼스트빌아파트,84.9,2020-12,2,122500.0,120000,125000
,동탄역 시범우남퍼스트빌아파트,84.9,2021-03,2,128500.0,125000,132000
,동탄역 시범우남퍼스트빌아파트,84.9,2021-06,1,134500.0,134500,134500
,동탄역 시범우남퍼스트빌아파트,84.9,2021-07,2,142000.0,140000,144000
,동탄역 시범우남퍼스트빌아파트,84.9,2021-10,2,141500.0,135000,148000
,동탄역 시범우남퍼스트빌아파트,84.9,2022-01,1,110000.0,110000,110000
,동탄역 시범우남퍼스트빌아파트,84.9,2022-02,2,122500.0,115000,130000
,동탄역 시범우남퍼스트빌아파트,84.9,2022-10,2,95500.0,94000,97000
,동탄역 시범우남퍼스트빌아파트,84.9,2022-11,2,97000.0,96000,98000
,동탄역 시범우남퍼스트빌아파트,84.9,2023-01,3,92000.0,90000,93300
,동탄역 시범우남퍼스트빌아파트,84.9,2023-02,2,98500.0,96500,100500
,동탄역 시범우남퍼스트빌아파트,84.9,2023-03,2,104750.0,99500,110000
,동탄역 시범우남퍼스트빌아파트,84.9,2023-04,1,109500.0,109500,109500
,동탄역 시범우남퍼스트빌아파트,84.9,2023-06,1,123000.0,123000,123000
,동탄역 시범우남퍼스트빌아파트,84.9,2023-08,1,110000.0,110000,110000
,동탄역 시범우남퍼스트빌아파트,84.9,2023-09,1,126000.0,126000,126000
,동탄역 시범우남퍼스트빌아파트,84.9,2023-11,1,119000.0,119000,119000
,동탄역 시범우남퍼스트빌아파트,84.9,2023-12,1,110000.0,110000,110000
,동탄역 시범우남퍼스트빌아파트,84.9,2024-01,1,113500.0,113500,113500
,동탄역 시범우남퍼스트빌아파트,84.9,2024-04,2,116000.0,114500,117500
,동탄역 시범우남퍼스트빌아파트,84.9,2024-06,1,115000.0,115000,115000
,동탄역 시범우남퍼스트빌아파트,84.9,2024-07,3,118500.0,108500,119000
,동탄역 시범우남퍼스트빌아파트,84.9,2024-09,1,117000.0,117000,117000
,동탄역 시범우남퍼스트빌아파트,84.9,2024-11,1,116000.0,116000,116000
,동탄역 시범우남퍼스트빌아파트,84.9,2024-12,1,115000.0,115000,115000
,동탄역 시범우남퍼스트빌아파트,84.9,2025-01,1,113500.0,113500,113500
,동탄역 시범우남퍼스트빌아파트,84.9,2025-02,2,116500.0,111000,122000
,동탄역 시범우남퍼스트빌아파트,84.9,2025-03,2,116700.0,114900,118500
,동탄역 시범우남퍼스트빌아파트,84.9,2025-05,4,113500.0,107500,119800
,동탄역 시범우남퍼스트빌아파트,84.9,2025-06,6,116950.0,110000,120600
,동탄역 시범우남퍼스트빌아파트,84.9,2025-07,3,119000.0,110000,120000
,동탄역 시범우남퍼스트빌아파트,84.9,2025-08,1,111500.0,111500,111500
,동탄역 시범우남퍼스트빌아파트,84.9,2025-09,4,118500.0,118000,119800
,동탄역 시범우남퍼스트빌아파트,84.9,2025-10,5,124000.0,117500,131000
,동탄역 시범우남퍼스트빌아파트,84.9,2025-11,4,133750.0,130000,136000
,동탄역 시범우남퍼스트빌아파트,84.9,2025-12,1,136000.0,136000,136000
,동탄역 시범우남퍼스트빌아파트,84.9,2026-01,4,140750.0,126000,142000
,동탄역 시범우남퍼스트빌아파트,84.9,2026-03,3,142800.0,140000,146500
,동탄역 시범우남퍼스트빌아파트,84.9,2026-04,4,145750.0,144500,148000
,동탄역 시범우남퍼스트빌아파트,84.9,2026-05,3,160000.0,150000,180000
,동탄역 시범우남퍼스트빌아파트,84.9,2026-06,1,186000.0,186000,186000
,동탄역 시범우남퍼스트빌아파트,85.0,2020-01,1,89000.0,89000,89000
,동탄역 시범우남퍼스트빌아파트,85.0,2020-02,1,93000.0,93000,93000
,동탄역 시범우남퍼스트빌아파트,85.0,2020-06,4,93350.0,93000,94000
,동탄역 시범우남퍼스트빌아파트,85.0,2020-07,2,99100.0,95700,102500
,동탄역 시범우남퍼스트빌아파트,85.0,2020-08,1,102500.0,102500,102500
,동탄역 시범우남퍼스트빌아파트,85.0,2020-09,2,106750.0,105000,108500
,동탄역 시범우남퍼스트빌아파트,85.0,2020-10,2,110750.0,108500,113000
,동탄역 시범우남퍼스트빌아파트,85.0,2020-11,2,107500.0,105000,110000
,동탄역 시범우남퍼스트빌아파트,85.0,2021-06,3,127500.0,126000,128000
,동탄역 시범우남퍼스트빌아파트,85.0,2021-07,2,130000.0,127000,133000
,동탄역 시범우남퍼스트빌아파트,85.0,2021-08,1,136000.0,136000,136000
,동탄역 시범우남퍼스트빌아파트,85.0,2022-02,3,114500.0,113000,119000
,동탄역 시범우남퍼스트빌아파트,85.0,2022-04,1,114000.0,114000,114000
,동탄역 시범우남퍼스트빌아파트,85.0,2022-05,1,110500.0,110500,110500
,동탄역 시범우남퍼스트빌아파트,85.0,2022-06,1,110000.0,110000,110000
,동탄역 시범우남퍼스트빌아파트,85.0,2022-07,2,101000.0,100000,102000
,동탄역 시범우남퍼스트빌아파트,85.0,2022-09,1,100000.0,100000,100000
,동탄역 시범우남퍼스트빌아파트,85.0,2022-10,1,91000.0,91000,91000
,동탄역 시범우남퍼스트빌아파트,85.0,2022-11,3,92000.0,88000,95000
,동탄역 시범우남퍼스트빌아파트,85.0,2023-01,2,89000.0,89000,89000
,동탄역 시범우남퍼스트빌아파트,85.0,2023-02,4,90750.0,87500,98500
,동탄역 시범우남퍼스트빌아파트,85.0,2023-03,1,99500.0,99500,99500
,동탄역 시범우남퍼스트빌아파트,85.0,2023-04,3,98000.0,96800,103500
,동탄역 시범우남퍼스트빌아파트,85.0,2023-06,3,107000.0,101500,110000
,동탄역 시범우남퍼스트빌아파트,85.0,2023-08,1,117500.0,117500,117500
,동탄역 시범우남퍼스트빌아파트,85.0,2024-03,3,108780.0,105000,109400
,동탄역 시범우남퍼스트빌아파트,85.0,2024-08,3,109000.0,108000,111250
,동탄역 시범우남퍼스트빌아파트,85.0,2024-10,1,107000.0,107000,107000
,동탄역 시범우남퍼스트빌아파트,85.0,2024-11,5,108200.0,107500,109000
,동탄역 시범우남퍼스트빌아파트,85.0,2024-12,1,109500.0,109500,109500
,동탄역 시범우남퍼스트빌아파트,85.0,2025-01,3,108300.0,108000,109000
,동탄역 시범우남퍼스트빌아파트,85.0,2025-02,4,109250.0,107000,114000
,동탄역 시범우남퍼스트빌아파트,85.0,2025-03,1,107000.0,107000,107000
,동탄역 시범우남퍼스트빌아파트,85.0,2025-04,2,109500.0,109000,110000
,동탄역 시범우남퍼스트빌아파트,85.0,2025-05,3,110000.0,108500,110000
,동탄역 시범우남퍼스트빌아파트,85.0,2025-06,5,112000.0,105000,116000
,동탄역 시범우남퍼스트빌아파트,85.0,2025-07,1,116000.0,116000,116000
,동탄역 시범우남퍼스트빌아파트,85.0,2025-08,2,115950.0,114000,117900
,동탄역 시범우남퍼스트빌아파트,85.0,2025-09,4,111250.0,108000,112500
,동탄역 시범우남퍼스트빌아파트,85.0,2025-10,18,120000.0,112000,127500
,동탄역 시범우남퍼스트빌아파트,85.0,2025-11,5,129500.0,122000,135000
,동탄역 시범우남퍼스트빌아파트,85.0,2025-12,4,133250.0,119000,136000
,동탄역 시범우남퍼스트빌아파트,85.0,2026-01,7,132000.0,120500,134800
,동탄역 시범우남퍼스트빌아파트,85.0,2026-04,1,138000.0,138000,138000
,동탄역 시범우남퍼스트빌아파트,85.0,2026-05,6,142500.0,140000,159800
,동탄역 시범우남퍼스트빌아파트,85.0,2026-06,3,173000.0,166000,179500
,동탄역반도유보라아이비파크2.0,74.4,2020-01,5,40000.0,38800,43000
,동탄역반도유보라아이비파크2.0,74.4,2020-02,4,44850.0,44500,49000
,동탄역반도유보라아이비파크2.0,74.4,2020-03,1,46900.0,46900,46900
,동탄역반도유보라아이비파크2.0,74.4,2020-06,2,48150.0,47800,48500
,동탄역반도유보라아이비파크2.0,74.4,2020-09,1,50000.0,50000,50000
,동탄역반도유보라아이비파크2.0,74.4,2020-10,1,49800.0,49800,49800
,동탄역반도유보라아이비파크2.0,74.4,2020-11,1,58800.0,58800,58800
,동탄역반도유보라아이비파크2.0,74.4,2021-01,1,59000.0,59000,59000
,동탄역반도유보라아이비파크2.0,74.4,2021-02,2,56000.0,55000,57000
,동탄역반도유보라아이비파크2.0,74.4,2021-03,1,60000.0,60000,60000
,동탄역반도유보라아이비파크2.0,74.4,2021-04,2,60250.0,60000,60500
,동탄역반도유보라아이비파크2.0,74.4,2021-07,2,65400.0,64800,66000
,동탄역반도유보라아이비파크2.0,74.4,2021-09,1,71000.0,71000,71000
,동탄역반도유보라아이비파크2.0,74.4,2022-02,1,64000.0,64000,64000
,동탄역반도유보라아이비파크2.0,74.4,2022-05,1,62500.0,62500,62500
,동탄역반도유보라아이비파크2.0,74.4,2023-02,1,47000.0,47000,47000
,동탄역반도유보라아이비파크2.0,74.4,2023-03,4,52000.0,51000,52500
,동탄역반도유보라아이비파크2.0,74.4,2023-05,2,55000.0,55000,55000
,동탄역반도유보라아이비파크2.0,74.4,2023-08,1,61000.0,61000,61000
,동탄역반도유보라아이비파크2.0,74.4,2023-09,1,59000.0,59000,59000
,동탄역반도유보라아이비파크2.0,74.4,2023-10,1,60000.0,60000,60000
,동탄역반도유보라아이비파크2.0,74.4,2023-12,1,60900.0,60900,60900
,동탄역반도유보라아이비파크2.0,74.4,2024-07,2,60000.0,60000,60000
,동탄역반도유보라아이비파크2.0,74.4,2024-08,2,60000.0,60000,60000
,동탄역반도유보라아이비파크2.0,74.4,2024-11,1,59700.0,59700,59700
,동탄역반도유보라아이비파크2.0,74.4,2025-03,1,55800.0,55800,55800
,동탄역반도유보라아이비파크2.0,74.4,2025-04,1,56000.0,56000,56000
,동탄역반도유보라아이비파크2.0,74.4,2025-06,3,59000.0,56000,59700
,동탄역반도유보라아이비파크2.0,74.4,2025-07,1,55500.0,55500,55500
,동탄역반도유보라아이비파크2.0,74.4,2025-10,1,56200.0,56200,56200
,동탄역반도유보라아이비파크2.0,74.4,2025-11,4,60400.0,59500,61000
,동탄역반도유보라아이비파크2.0,74.4,2025-12,1,56000.0,56000,56000
,동탄역반도유보라아이비파크2.0,74.4,2026-02,1,60500.0,60500,60500
,동탄역반도유보라아이비파크2.0,74.4,2026-04,4,61700.0,60000,63000
,동탄역반도유보라아이비파크2.0,74.4,2026-05,3,63000.0,62000,64700
,동탄역반도유보라아이비파크2.0,74.4,2026-06,4,64100.0,58000,75000
,동탄역반도유보라아이비파크2.0,85.0,2020-01,18,48750.0,45000,53000
,동탄역반도유보라아이비파크2.0,85.0,2020-02,9,51000.0,50000,55000
,동탄역반도유보라아이비파크2.0,85.0,2020-03,2,52850.0,52400,53300
,동탄역반도유보라아이비파크2.0,85.0,2020-04,5,54000.0,49700,54500
,동탄역반도유보라아이비파크2.0,85.0,2020-05,4,50450.0,49400,54000
,동탄역반도유보라아이비파크2.0,85.0,2020-06,19,55000.0,53000,59300
,동탄역반도유보라아이비파크2.0,85.0,2020-07,10,57450.0,53200,59500
,동탄역반도유보라아이비파크2.0,85.0,2020-08,5,58500.0,56500,59000
,동탄역반도유보라아이비파크2.0,85.0,2020-09,6,57000.0,55000,63000
,동탄역반도유보라아이비파크2.0,85.0,2020-10,6,62300.0,59500,63500
,동탄역반도유보라아이비파크2.0,85.0,2020-11,5,62700.0,60000,64000
,동탄역반도유보라아이비파크2.0,85.0,2020-12,12,62750.0,59000,65000
,동탄역반도유보라아이비파크2.0,85.0,2021-01,16,63000.0,59750,67500
,동탄역반도유보라아이비파크2.0,85.0,2021-02,6,65250.0,60000,66500
,동탄역반도유보라아이비파크2.0,85.0,2021-03,7,63500.0,58900,69500
,동탄역반도유보라아이비파크2.0,85.0,2021-04,5,64800.0,61500,65500
,동탄역반도유보라아이비파크2.0,85.0,2021-05,10,67750.0,61000,70500
,동탄역반도유보라아이비파크2.0,85.0,2021-06,5,71000.0,70500,73000
,동탄역반도유보라아이비파크2.0,85.0,2021-07,8,70350.0,68800,73000
,동탄역반도유보라아이비파크2.0,85.0,2021-08,4,72750.0,70000,75000
,동탄역반도유보라아이비파크2.0,85.0,2021-09,3,75000.0,74500,77800
,동탄역반도유보라아이비파크2.0,85.0,2021-10,4,78000.0,75000,78500
,동탄역반도유보라아이비파크2.0,85.0,2021-11,2,73000.0,72000,74000
,동탄역반도유보라아이비파크2.0,85.0,2021-12,3,74000.0,68000,74800
,동탄역반도유보라아이비파크2.0,85.0,2022-03,1,67000.0,67000,67000
,동탄역반도유보라아이비파크2.0,85.0,2022-05,2,69000.0,69000,69000
,동탄역반도유보라아이비파크2.0,85.0,2022-06,1,61500.0,61500,61500
,동탄역반도유보라아이비파크2.0,85.0,2022-09,1,61000.0,61000,61000
,동탄역반도유보라아이비파크2.0,85.0,2022-11,1,57000.0,57000,57000
,동탄역반도유보라아이비파크2.0,85.0,2022-12,3,53500.0,50000,54300
,동탄역반도유보라아이비파크2.0,85.0,2023-01,9,50000.0,45000,55000
,동탄역반도유보라아이비파크2.0,85.0,2023-02,8,53300.0,51000,59000
,동탄역반도유보라아이비파크2.0,85.0,2023-03,1,57500.0,57500,57500
,동탄역반도유보라아이비파크2.0,85.0,2023-04,5,57500.0,56500,59800
,동탄역반도유보라아이비파크2.0,85.0,2023-05,8,58250.0,56500,62000
,동탄역반도유보라아이비파크2.0,85.0,2023-06,5,60000.0,58000,62500
,동탄역반도유보라아이비파크2.0,85.0,2023-07,8,61250.0,60000,64500
,동탄역반도유보라아이비파크2.0,85.0,2023-08,5,63000.0,59000,65000
,동탄역반도유보라아이비파크2.0,85.0,2023-09,3,64800.0,63800,64800
,동탄역반도유보라아이비파크2.0,85.0,2023-10,2,60750.0,60000,61500
,동탄역반도유보라아이비파크2.0,85.0,2023-11,1,63000.0,63000,63000
,동탄역반도유보라아이비파크2.0,85.0,2023-12,1,61500.0,61500,61500
,동탄역반도유보라아이비파크2.0,85.0,2024-01,6,61450.0,42000,65000
,동탄역반도유보라아이비파크2.0,85.0,2024-02,7,63000.0,60000,64700
,동탄역반도유보라아이비파크2.0,85.0,2024-03,2,63900.0,63300,64500
,동탄역반도유보라아이비파크2.0,85.0,2024-04,7,61965.0,59000,65500
,동탄역반도유보라아이비파크2.0,85.0,2024-05,4,60750.0,58800,62800
,동탄역반도유보라아이비파크2.0,85.0,2024-06,4,64750.0,63000,65000
,동탄역반도유보라아이비파크2.0,85.0,2024-07,5,63000.0,61400,65000
,동탄역반도유보라아이비파크2.0,85.0,2024-08,1,62000.0,62000,62000
,동탄역반도유보라아이비파크2.0,85.0,2024-09,4,63500.0,60000,66000
,동탄역반도유보라아이비파크2.0,85.0,2024-10,4,65000.0,62500,68000
,동탄역반도유보라아이비파크2.0,85.0,2024-11,5,63600.0,63200,67500
,동탄역반도유보라아이비파크2.0,85.0,2025-01,1,60800.0,60800,60800
,동탄역반도유보라아이비파크2.0,85.0,2025-02,4,63900.0,62500,66300
,동탄역반도유보라아이비파크2.0,85.0,2025-03,6,63350.0,62600,65000
,동탄역반도유보라아이비파크2.0,85.0,2025-04,3,62800.0,62500,62800
,동탄역반도유보라아이비파크2.0,85.0,2025-05,8,63000.0,59800,63500
,동탄역반도유보라아이비파크2.0,85.0,2025-06,13,63500.0,58000,65500
,동탄역반도유보라아이비파크2.0,85.0,2025-07,1,63700.0,63700,63700
,동탄역반도유보라아이비파크2.0,85.0,2025-08,1,60400.0,60400,60400
,동탄역반도유보라아이비파크2.0,85.0,2025-09,1,62600.0,62600,62600
,동탄역반도유보라아이비파크2.0,85.0,2025-10,9,64000.0,61000,67000
,동탄역반도유보라아이비파크2.0,85.0,2025-11,8,64750.0,60000,66300
,동탄역반도유보라아이비파크2.0,85.0,2025-12,9,65500.0,62000,68800
,동탄역반도유보라아이비파크2.0,85.0,2026-01,4,63650.0,63000,66000
,동탄역반도유보라아이비파크2.0,85.0,2026-02,8,65000.0,60000,67500
,동탄역반도유보라아이비파크2.0,85.0,2026-03,5,65900.0,63200,68000
,동탄역반도유보라아이비파크2.0,85.0,2026-04,10,66700.0,63000,68500
,동탄역반도유보라아이비파크2.0,85.0,2026-05,12,68500.0,64700,76000
,동탄역반도유보라아이비파크2.0,85.0,2026-06,17,75000.0,64000,84000
,동탄역반도유보라아이비파크7.0,73.4,2021-01,1,127000.0,127000,127000
,동탄역반도유보라아이비파크7.0,73.4,2021-07,1,130000.0,130000,130000
,동탄역반도유보라아이비파크7.0,73.4,2021-08,1,117500.0,117500,117500
,동탄역반도유보라아이비파크7.0,73.4,2021-09,1,123300.0,123300,123300
,동탄역반도유보라아이비파크7.0,73.4,2021-12,1,100550.0,100550,100550
,동탄역반도유보라아이비파크7.0,73.4,2022-04,1,102500.0,102500,102500
,동탄역반도유보라아이비파크7.0,73.4,2022-12,1,86000.0,86000,86000
,동탄역반도유보라아이비파크7.0,73.4,2023-01,2,79000.0,78000,80000
,동탄역반도유보라아이비파크7.0,73.4,2023-02,2,73000.0,70000,76000
,동탄역반도유보라아이비파크7.0,73.4,2023-03,1,70500.0,70500,70500
,동탄역반도유보라아이비파크7.0,73.4,2023-04,1,79700.0,79700,79700
,동탄역반도유보라아이비파크7.0,73.4,2023-05,2,92850.0,92700,93000
,동탄역반도유보라아이비파크7.0,73.4,2023-08,1,104500.0,104500,104500
,동탄역반도유보라아이비파크7.0,73.4,2023-11,1,91000.0,91000,91000
,동탄역반도유보라아이비파크7.0,73.4,2024-01,1,100000.0,100000,100000
,동탄역반도유보라아이비파크7.0,73.4,2024-02,1,104000.0,104000,104000
,동탄역반도유보라아이비파크7.0,73.4,2024-04,3,102000.0,100000,102000
,동탄역반도유보라아이비파크7.0,73.4,2024-05,1,104000.0,104000,104000
,동탄역반도유보라아이비파크7.0,73.4,2024-09,1,104500.0,104500,104500
,동탄역반도유보라아이비파크7.0,73.4,2025-03,1,107000.0,107000,107000
,동탄역반도유보라아이비파크7.0,73.4,2025-05,2,93000.0,80000,106000
,동탄역반도유보라아이비파크7.0,73.4,2025-06,5,101800.0,101000,105000
,동탄역반도유보라아이비파크7.0,73.4,2025-08,1,101000.0,101000,101000
,동탄역반도유보라아이비파크7.0,73.4,2025-09,2,104250.0,102500,106000
,동탄역반도유보라아이비파크7.0,73.4,2025-10,2,101650.0,98500,104800
,동탄역반도유보라아이비파크7.0,73.4,2025-11,7,107000.0,104200,112000
,동탄역반도유보라아이비파크7.0,73.4,2025-12,1,115500.0,115500,115500
,동탄역반도유보라아이비파크7.0,73.4,2026-01,3,111000.0,110000,118000
,동탄역반도유보라아이비파크7.0,73.4,2026-02,8,112250.0,109000,114500
,동탄역반도유보라아이비파크7.0,73.4,2026-03,4,118500.0,117000,119500
,동탄역반도유보라아이비파크7.0,73.4,2026-04,2,118750.0,118000,119500
,동탄역반도유보라아이비파크7.0,73.4,2026-05,4,125500.0,119500,132000
,동탄역반도유보라아이비파크7.0,73.4,2026-06,1,114000.0,114000,114000
,동탄역반도유보라아이비파크7.0,73.7,2020-12,2,112000.0,105000,119000
,동탄역반도유보라아이비파크7.0,73.7,2021-02,1,125000.0,125000,125000
,동탄역반도유보라아이비파크7.0,73.7,2021-08,1,126000.0,126000,126000
,동탄역반도유보라아이비파크7.0,73.7,2021-09,2,123925.0,123850,124000
,동탄역반도유보라아이비파크7.0,73.7,2021-12,1,119000.0,119000,119000
,동탄역반도유보라아이비파크7.0,73.7,2022-06,1,108000.0,108000,108000
,동탄역반도유보라아이비파크7.0,73.7,2022-07,1,76000.0,76000,76000
,동탄역반도유보라아이비파크7.0,73.7,2022-12,1,74000.0,74000,74000
,동탄역반도유보라아이비파크7.0,73.7,2023-02,2,86650.0,86300,87000
,동탄역반도유보라아이비파크7.0,73.7,2023-03,1,88000.0,88000,88000
,동탄역반도유보라아이비파크7.0,73.7,2023-05,3,88000.0,71000,97800
,동탄역반도유보라아이비파크7.0,73.7,2023-08,1,109000.0,109000,109000
,동탄역반도유보라아이비파크7.0,73.7,2023-09,1,102000.0,102000,102000
,동탄역반도유보라아이비파크7.0,73.7,2023-10,2,98500.0,96000,101000
,동탄역반도유보라아이비파크7.0,73.7,2024-06,1,110000.0,110000,110000
,동탄역반도유보라아이비파크7.0,73.7,2024-07,1,114000.0,114000,114000
,동탄역반도유보라아이비파크7.0,73.7,2025-02,1,107000.0,107000,107000
,동탄역반도유보라아이비파크7.0,73.7,2025-03,2,103750.0,99500,108000
,동탄역반도유보라아이비파크7.0,73.7,2025-04,1,108000.0,108000,108000
,동탄역반도유보라아이비파크7.0,73.7,2025-06,2,110500.0,108000,113000
,동탄역반도유보라아이비파크7.0,73.7,2025-07,1,108000.0,108000,108000
,동탄역반도유보라아이비파크7.0,73.7,2025-09,1,109000.0,109000,109000
,동탄역반도유보라아이비파크7.0,73.7,2025-10,2,108000.0,106000,110000
,동탄역반도유보라아이비파크7.0,73.7,2025-11,4,108750.0,107500,114200
,동탄역반도유보라아이비파크7.0,73.7,2026-01,2,117250.0,116500,118000
,동탄역반도유보라아이비파크7.0,73.7,2026-02,4,118750.0,118000,119500
,동탄역반도유보라아이비파크7.0,73.7,2026-03,3,112000.0,105000,120000
,동탄역반도유보라아이비파크7.0,73.7,2026-04,4,119750.0,113000,125000
,동탄역반도유보라아이비파크7.0,73.7,2026-05,3,125000.0,118500,128000
,동탄역반도유보라아이비파크7.0,73.7,2026-06,2,133500.0,125000,142000
,동탄역반도유보라아이비파크7.0,76.2,2020-08,1,99000.0,99000,99000
,동탄역반도유보라아이비파크7.0,76.2,2020-09,1,98700.0,98700,98700
,동탄역반도유보라아이비파크7.0,76.2,2021-05,1,120000.0,120000,120000
,동탄역반도유보라아이비파크7.0,76.2,2021-07,1,122000.0,122000,122000
,동탄역반도유보라아이비파크7.0,76.2,2021-09,1,128500.0,128500,128500
,동탄역반도유보라아이비파크7.0,76.2,2022-12,1,78500.0,78500,78500
,동탄역반도유보라아이비파크7.0,76.2,2023-04,1,89400.0,89400,89400
,동탄역반도유보라아이비파크7.0,76.2,2023-05,1,90000.0,90000,90000
,동탄역반도유보라아이비파크7.0,76.2,2023-07,4,92000.0,90000,94000
,동탄역반도유보라아이비파크7.0,76.2,2023-08,1,97000.0,97000,97000
,동탄역반도유보라아이비파크7.0,76.2,2023-09,1,97000.0,97000,97000
,동탄역반도유보라아이비파크7.0,76.2,2024-01,1,98000.0,98000,98000
,동탄역반도유보라아이비파크7.0,76.2,2024-03,1,98300.0,98300,98300
,동탄역반도유보라아이비파크7.0,76.2,2024-04,1,98700.0,98700,98700
,동탄역반도유보라아이비파크7.0,76.2,2024-07,1,106000.0,106000,106000
,동탄역반도유보라아이비파크7.0,76.2,2024-11,1,95000.0,95000,95000
,동탄역반도유보라아이비파크7.0,76.2,2024-12,1,100000.0,100000,100000
,동탄역반도유보라아이비파크7.0,76.2,2025-05,1,99000.0,99000,99000
,동탄역반도유보라아이비파크7.0,76.2,2025-07,1,102000.0,102000,102000
,동탄역반도유보라아이비파크7.0,76.2,2025-10,2,108350.0,107000,109700
,동탄역반도유보라아이비파크7.0,76.2,2025-11,2,104400.0,103800,105000
,동탄역반도유보라아이비파크7.0,76.2,2025-12,2,108750.0,108000,109500
,동탄역반도유보라아이비파크7.0,76.2,2026-01,3,109800.0,109000,110000
,동탄역반도유보라아이비파크7.0,76.2,2026-02,1,105000.0,105000,105000
,동탄역반도유보라아이비파크7.0,76.2,2026-03,1,114500.0,114500,114500
,동탄역반도유보라아이비파크7.0,76.2,2026-04,4,117000.0,117000,119000
,동탄역반도유보라아이비파크7.0,76.2,2026-05,2,133950.0,133000,134900
,동탄역반도유보라아이비파크7.0,76.2,2026-06,2,132500.0,130000,135000
,동탄역반도유보라아이비파크7.0,86.2,2020-11,1,123000.0,123000,123000
,동탄역반도유보라아이비파크7.0,86.2,2021-01,2,137500.0,132000,143000
,동탄역반도유보라아이비파크7.0,86.2,2021-02,1,147500.0,147500,147500
,동탄역반도유보라아이비파크7.0,86.2,2021-08,1,149000.0,149000,149000
,동탄역반도유보라아이비파크7.0,86.2,2022-02,1,119000.0,119000,119000
,동탄역반도유보라아이비파크7.0,86.2,2023-02,1,98000.0,98000,98000
,동탄역반도유보라아이비파크7.0,86.2,2023-03,2,105500.0,105000,106000
,동탄역반도유보라아이비파크7.0,86.2,2023-04,1,118000.0,118000,118000
,동탄역반도유보라아이비파크7.0,86.2,2024-05,1,70000.0,70000,70000
,동탄역반도유보라아이비파크7.0,86.2,2024-07,1,109000.0,109000,109000
,동탄역반도유보라아이비파크7.0,86.2,2024-10,1,115000.0,115000,115000
,동탄역반도유보라아이비파크7.0,86.2,2024-11,2,114000.0,113000,115000
,동탄역반도유보라아이비파크7.0,86.2,2024-12,1,114800.0,114800,114800
,동탄역반도유보라아이비파크7.0,86.2,2025-02,2,116500.0,115000,118000
,동탄역반도유보라아이비파크7.0,86.2,2025-05,1,110000.0,110000,110000
,동탄역반도유보라아이비파크7.0,86.2,2025-06,2,120250.0,119500,121000
,동탄역반도유보라아이비파크7.0,86.2,2025-07,1,112000.0,112000,112000
,동탄역반도유보라아이비파크7.0,86.2,2025-09,2,118750.0,117500,120000
,동탄역반도유보라아이비파크7.0,86.2,2025-10,1,123500.0,123500,123500
,동탄역반도유보라아이비파크7.0,86.2,2025-11,3,122000.0,117000,128000
,동탄역반도유보라아이비파크7.0,86.2,2025-12,2,132500.0,130000,135000
,동탄역반도유보라아이비파크7.0,86.2,2026-04,5,138000.0,128000,139500
,동탄역반도유보라아이비파크7.0,86.2,2026-05,6,139900.0,128000,152000
,동탄역반도유보라아이비파크7.0,86.2,2026-06,2,143750.0,135000,152500
,동탄역시범반도유보라아이비파크1.0,85.0,2020-01,8,69200.0,65000,74300
,동탄역시범반도유보라아이비파크1.0,85.0,2020-02,5,74500.0,71500,75500
,동탄역시범반도유보라아이비파크1.0,85.0,2020-03,1,74800.0,74800,74800
,동탄역시범반도유보라아이비파크1.0,85.0,2020-04,1,74900.0,74900,74900
,동탄역시범반도유보라아이비파크1.0,85.0,2020-06,11,74200.0,72900,79000
,동탄역시범반도유보라아이비파크1.0,85.0,2020-07,15,78000.0,74300,83000
,동탄역시범반도유보라아이비파크1.0,85.0,2020-08,6,80750.0,77900,83000
,동탄역시범반도유보라아이비파크1.0,85.0,2020-09,5,83500.0,82600,85700
,동탄역시범반도유보라아이비파크1.0,85.0,2020-10,5,85000.0,82000,87900
,동탄역시범반도유보라아이비파크1.0,85.0,2020-11,5,83500.0,81000,88000
,동탄역시범반도유보라아이비파크1.0,85.0,2020-12,7,88000.0,85000,90700
,동탄역시범반도유보라아이비파크1.0,85.0,2021-01,7,89000.0,84000,93000
,동탄역시범반도유보라아이비파크1.0,85.0,2021-02,3,90000.0,88000,93000
,동탄역시범반도유보라아이비파크1.0,85.0,2021-03,1,95000.0,95000,95000
,동탄역시범반도유보라아이비파크1.0,85.0,2021-04,2,91900.0,89300,94500
,동탄역시범반도유보라아이비파크1.0,85.0,2021-05,1,97500.0,97500,97500
,동탄역시범반도유보라아이비파크1.0,85.0,2021-06,7,98000.0,93500,100500
,동탄역시범반도유보라아이비파크1.0,85.0,2021-07,5,96900.0,92500,105000
,동탄역시범반도유보라아이비파크1.0,85.0,2021-08,6,102400.0,99700,105000
,동탄역시범반도유보라아이비파크1.0,85.0,2021-09,7,108000.0,96000,110000
,동탄역시범반도유보라아이비파크1.0,85.0,2021-10,1,103500.0,103500,103500
,동탄역시범반도유보라아이비파크1.0,85.0,2021-11,1,106000.0,106000,106000
,동탄역시범반도유보라아이비파크1.0,85.0,2021-12,2,99400.0,98000,100800
,동탄역시범반도유보라아이비파크1.0,85.0,2022-01,2,94500.0,90000,99000
,동탄역시범반도유보라아이비파크1.0,85.0,2022-02,1,86500.0,86500,86500
,동탄역시범반도유보라아이비파크1.0,85.0,2022-03,1,89000.0,89000,89000
,동탄역시범반도유보라아이비파크1.0,85.0,2022-05,1,91000.0,91000,91000
,동탄역시범반도유보라아이비파크1.0,85.0,2022-06,1,82300.0,82300,82300
,동탄역시범반도유보라아이비파크1.0,85.0,2022-07,1,80000.0,80000,80000
,동탄역시범반도유보라아이비파크1.0,85.0,2022-08,1,76500.0,76500,76500
,동탄역시범반도유보라아이비파크1.0,85.0,2022-09,1,80000.0,80000,80000
,동탄역시범반도유보라아이비파크1.0,85.0,2022-10,2,75750.0,71000,80500
,동탄역시범반도유보라아이비파크1.0,85.0,2022-12,1,72000.0,72000,72000
,동탄역시범반도유보라아이비파크1.0,85.0,2023-01,1,69000.0,69000,69000
,동탄역시범반도유보라아이비파크1.0,85.0,2023-02,3,74500.0,71000,79000
,동탄역시범반도유보라아이비파크1.0,85.0,2023-03,5,81000.0,77000,84000
,동탄역시범반도유보라아이비파크1.0,85.0,2023-04,3,86500.0,84800,86800
,동탄역시범반도유보라아이비파크1.0,85.0,2023-05,2,83650.0,77300,90000
,동탄역시범반도유보라아이비파크1.0,85.0,2023-06,1,87500.0,87500,87500
,동탄역시범반도유보라아이비파크1.0,85.0,2023-07,1,88500.0,88500,88500
,동탄역시범반도유보라아이비파크1.0,85.0,2023-08,1,89000.0,89000,89000
,동탄역시범반도유보라아이비파크1.0,85.0,2023-09,1,87500.0,87500,87500
,동탄역시범반도유보라아이비파크1.0,85.0,2023-10,4,88250.0,87700,94000
,동탄역시범반도유보라아이비파크1.0,85.0,2023-11,1,88500.0,88500,88500
,동탄역시범반도유보라아이비파크1.0,85.0,2023-12,2,88250.0,86500,90000
,동탄역시범반도유보라아이비파크1.0,85.0,2024-02,5,91000.0,86000,92000
,동탄역시범반도유보라아이비파크1.0,85.0,2024-03,2,89250.0,88500,90000
,동탄역시범반도유보라아이비파크1.0,85.0,2024-04,3,89000.0,82500,90700
,동탄역시범반도유보라아이비파크1.0,85.0,2024-05,1,86000.0,86000,86000
,동탄역시범반도유보라아이비파크1.0,85.0,2024-06,3,89300.0,88500,91000
,동탄역시범반도유보라아이비파크1.0,85.0,2024-07,4,90500.0,89000,95000
,동탄역시범반도유보라아이비파크1.0,85.0,2024-08,1,95000.0,95000,95000
,동탄역시범반도유보라아이비파크1.0,85.0,2024-09,2,94150.0,93500,94800
,동탄역시범반도유보라아이비파크1.0,85.0,2024-11,5,91000.0,89500,93500
,동탄역시범반도유보라아이비파크1.0,85.0,2025-01,3,91500.0,86000,94000
,동탄역시범반도유보라아이비파크1.0,85.0,2025-02,5,90500.0,89000,91900
,동탄역시범반도유보라아이비파크1.0,85.0,2025-03,3,94000.0,93800,94700
,동탄역시범반도유보라아이비파크1.0,85.0,2025-04,2,91500.0,90500,92500
,동탄역시범반도유보라아이비파크1.0,85.0,2025-05,3,91500.0,89000,91700
,동탄역시범반도유보라아이비파크1.0,85.0,2025-06,5,92500.0,92000,93800
,동탄역시범반도유보라아이비파크1.0,85.0,2025-07,3,95000.0,92300,95500
,동탄역시범반도유보라아이비파크1.0,85.0,2025-08,2,96250.0,95000,97500
,동탄역시범반도유보라아이비파크1.0,85.0,2025-09,1,95000.0,95000,95000
,동탄역시범반도유보라아이비파크1.0,85.0,2025-10,12,94700.0,91000,99700
,동탄역시범반도유보라아이비파크1.0,85.0,2025-11,4,100850.0,93000,105000
,동탄역시범반도유보라아이비파크1.0,85.0,2025-12,2,102850.0,101000,104700
,동탄역시범반도유보라아이비파크1.0,85.0,2026-01,4,104375.0,104000,107700
,동탄역시범반도유보라아이비파크1.0,85.0,2026-02,7,104500.0,99700,108500
,동탄역시범반도유보라아이비파크1.0,85.0,2026-03,8,104950.0,98000,111800
,동탄역시범반도유보라아이비파크1.0,85.0,2026-04,6,107000.0,102000,110500
,동탄역시범반도유보라아이비파크1.0,85.0,2026-05,12,111000.0,105000,121000
,동탄역시범반도유보라아이비파크1.0,85.0,2026-06,10,130000.0,110000,137500
,동탄역시범반도유보라아이비파크1.0,99.0,2020-01,4,80750.0,79500,85000
,동탄역시범반도유보라아이비파크1.0,99.0,2020-02,1,87000.0,87000,87000
,동탄역시범반도유보라아이비파크1.0,99.0,2020-05,1,87000.0,87000,87000
,동탄역시범반도유보라아이비파크1.0,99.0,2020-06,5,89900.0,85400,91000
,동탄역시범반도유보라아이비파크1.0,99.0,2020-07,2,100500.0,97000,104000
,동탄역시범반도유보라아이비파크1.0,99.0,2020-08,1,90000.0,90000,90000
,동탄역시범반도유보라아이비파크1.0,99.0,2020-11,2,105500.0,103000,108000
,동탄역시범반도유보라아이비파크1.0,99.0,2021-01,1,117500.0,117500,117500
,동탄역시범반도유보라아이비파크1.0,99.0,2021-02,2,122500.0,120000,125000
,동탄역시범반도유보라아이비파크1.0,99.0,2021-03,1,123800.0,123800,123800
,동탄역시범반도유보라아이비파크1.0,99.0,2021-06,1,124500.0,124500,124500
,동탄역시범반도유보라아이비파크1.0,99.0,2021-07,2,128000.0,126000,130000
,동탄역시범반도유보라아이비파크1.0,99.0,2021-08,1,129500.0,129500,129500
,동탄역시범반도유보라아이비파크1.0,99.0,2021-09,1,126000.0,126000,126000
,동탄역시범반도유보라아이비파크1.0,99.0,2022-03,1,103500.0,103500,103500
,동탄역시범반도유보라아이비파크1.0,99.0,2022-09,1,100000.0,100000,100000
,동탄역시범반도유보라아이비파크1.0,99.0,2023-03,2,93250.0,92500,94000
,동탄역시범반도유보라아이비파크1.0,99.0,2023-07,1,108000.0,108000,108000
,동탄역시범반도유보라아이비파크1.0,99.0,2023-09,1,104000.0,104000,104000
,동탄역시범반도유보라아이비파크1.0,99.0,2023-10,1,109400.0,109400,109400
,동탄역시범반도유보라아이비파크1.0,99.0,2023-11,1,109000.0,109000,109000
,동탄역시범반도유보라아이비파크1.0,99.0,2023-12,1,109000.0,109000,109000
,동탄역시범반도유보라아이비파크1.0,99.0,2024-03,2,106500.0,105500,107500
,동탄역시범반도유보라아이비파크1.0,99.0,2024-06,1,110000.0,110000,110000
,동탄역시범반도유보라아이비파크1.0,99.0,2024-07,3,107000.0,106000,110000
,동탄역시범반도유보라아이비파크1.0,99.0,2024-08,2,113000.0,110000,116000
,동탄역시범반도유보라아이비파크1.0,99.0,2024-09,2,107750.0,107500,108000
,동탄역시범반도유보라아이비파크1.0,99.0,2024-10,1,116000.0,116000,116000
,동탄역시범반도유보라아이비파크1.0,99.0,2025-01,1,103000.0,103000,103000
,동탄역시범반도유보라아이비파크1.0,99.0,2025-02,1,105500.0,105500,105500
,동탄역시범반도유보라아이비파크1.0,99.0,2025-03,2,105250.0,105000,105500
,동탄역시범반도유보라아이비파크1.0,99.0,2025-05,1,104000.0,104000,104000
,동탄역시범반도유보라아이비파크1.0,99.0,2025-06,6,110500.0,107500,113000
,동탄역시범반도유보라아이비파크1.0,99.0,2025-07,2,106500.0,101000,112000
,동탄역시범반도유보라아이비파크1.0,99.0,2025-10,4,111000.0,70200,113000
,동탄역시범반도유보라아이비파크1.0,99.0,2025-12,1,108000.0,108000,108000
,동탄역시범반도유보라아이비파크1.0,99.0,2026-01,1,115000.0,115000,115000
,동탄역시범반도유보라아이비파크1.0,99.0,2026-03,3,114000.0,112000,114500
,동탄역시범반도유보라아이비파크1.0,99.0,2026-04,5,116500.0,113500,119000
,동탄역시범반도유보라아이비파크1.0,99.0,2026-05,5,125000.0,118500,130000
,동탄역시범반도유보라아이비파크1.0,99.0,2026-06,5,138000.0,130000,145000
,동탄역파라곤,78.1,2021-03,1,86809.0,86809,86809
,동탄역파라곤,78.1,2023-02,1,80000.0,80000,80000
,동탄역파라곤,78.1,2023-03,1,81000.0,81000,81000
,동탄역파라곤,78.1,2023-04,1,81500.0,81500,81500
,동탄역파라곤,78.1,2023-06,1,89300.0,89300,89300
,동탄역파라곤,78.1,2023-07,1,88000.0,88000,88000
,동탄역파라곤,78.1,2023-08,1,85000.0,85000,85000
,동탄역파라곤,78.1,2023-10,1,96000.0,96000,96000
,동탄역파라곤,78.1,2025-10,1,97000.0,97000,97000
,동탄역파라곤,78.1,2026-01,4,99500.0,99000,103000
,동탄역파라곤,78.1,2026-02,6,106500.0,102000,107000
,동탄역파라곤,78.1,2026-05,1,110000.0,110000,110000
,동탄역파라곤,78.1,2026-06,1,135000.0,135000,135000
,동탄역파라곤,79.9,2023-01,1,79000.0,79000,79000
,동탄역파라곤,79.9,2023-05,2,89400.0,88000,90800
,동탄역파라곤,79.9,2023-08,2,91850.0,90000,93700
,동탄역파라곤,79.9,2023-09,1,96000.0,96000,96000
,동탄역파라곤,79.9,2023-10,1,97000.0,97000,97000
,동탄역파라곤,79.9,2024-01,1,96700.0,96700,96700
,동탄역파라곤,79.9,2024-05,1,96100.0,96100,96100
,동탄역파라곤,79.9,2024-07,1,100500.0,100500,100500
,동탄역파라곤,79.9,2024-08,1,104500.0,104500,104500
,동탄역파라곤,79.9,2024-12,1,102500.0,102500,102500
,동탄역파라곤,79.9,2025-07,1,97000.0,97000,97000
,동탄역파라곤,79.9,2025-09,1,95800.0,95800,95800
,동탄역파라곤,79.9,2025-11,4,102000.0,101300,105000
,동탄역파라곤,79.9,2025-12,1,103400.0,103400,103400
,동탄역파라곤,79.9,2026-01,2,103150.0,102500,103800
,동탄역파라곤,79.9,2026-02,4,105900.0,104800,107000
,동탄역파라곤,79.9,2026-03,2,107400.0,105000,109800
,동탄역파라곤,79.9,2026-04,1,105000.0,105000,105000
,동탄역파라곤,79.9,2026-05,4,116000.0,110000,120000
,동탄역파라곤,79.9,2026-06,2,127500.0,125000,130000
,동탄역파라곤,101.6,2023-07,1,121500.0,121500,121500
,동탄역파라곤,101.6,2023-11,1,134000.0,134000,134000
,동탄역파라곤,101.6,2024-05,1,130000.0,130000,130000
,동탄역파라곤,101.6,2026-04,1,128000.0,128000,128000
,동탄역파라곤,101.6,2026-05,1,132000.0,132000,132000
,동탄역파라곤,101.6,2026-06,3,140000.0,135000,143000
,동탄역파라곤,104.8,2023-11,1,173000.0,173000,173000
,동탄파라곤,159.4,2020-12,1,94800.0,94800,94800
,동탄파라곤,159.4,2021-05,1,95000.0,95000,95000
,동탄파라곤,159.4,2023-10,1,81000.0,81000,81000
,동탄파라곤,159.4,2023-12,1,89000.0,89000,89000
,동탄파라곤,159.4,2024-08,1,86250.0,86250,86250
,동탄파라곤,159.4,2024-09,1,85000.0,85000,85000
,동탄파라곤,159.4,2024-10,1,88000.0,88000,88000
,동탄파라곤,159.4,2025-07,1,85000.0,85000,85000
,동탄파라곤,159.4,2025-10,1,74500.0,74500,74500
,동탄파라곤,159.4,2026-01,1,88000.0,88000,88000
,동탄파라곤,159.4,2026-05,1,100000.0,100000,100000
,동탄파라곤,159.4,2026-06,1,82500.0,82500,82500
,동탄파라곤,171.0,2020-01,1,70850.0,70850,70850
,동탄파라곤,171.0,2020-06,2,89000.0,88000,90000
,동탄파라곤,171.0,2020-12,1,87000.0,87000,87000
,동탄파라곤,171.0,2021-05,2,95000.0,80000,110000
,동탄파라곤,171.0,2023-09,1,91000.0,91000,91000
,동탄파라곤,171.0,2025-10,1,83000.0,83000,83000
,동탄파라곤,171.0,2026-06,2,83100.0,82500,83700
,동탄파라곤,174.0,2021-07,1,115000.0,115000,115000
,동탄파라곤,174.0,2021-09,1,115000.0,115000,115000
,동탄파라곤,174.0,2023-02,1,60000.0,60000,60000
,동탄파라곤,174.0,2025-01,1,92800.0,92800,92800
,동탄파라곤,174.0,2025-06,1,88900.0,88900,88900
,동탄파라곤,174.0,2026-06,2,97900.0,90800,105000
,동탄파라곤,192.7,2020-02,1,76000.0,76000,76000
,동탄파라곤,192.7,2020-10,1,92500.0,92500,92500
,동탄파라곤,192.7,2026-04,1,70000.0,70000,70000
,동탄파라곤,201.4,2020-01,1,82000.0,82000,82000
,동탄파라곤,201.4,2020-02,2,88500.0,82500,94500
,동탄파라곤,201.4,2020-07,2,96750.0,94000,99500
,동탄파라곤,201.4,2020-10,1,92000.0,92000,92000
,동탄파라곤,201.4,2021-01,1,95000.0,95000,95000
,동탄파라곤,201.4,2021-05,1,120000.0,120000,120000
,동탄파라곤,201.4,2021-08,1,127000.0,127000,127000
,동탄파라곤,201.4,2023-12,1,115000.0,115000,115000
,동탄파라곤,201.4,2024-01,1,110000.0,110000,110000
,동탄파라곤,201.4,2024-03,1,110000.0,110000,110000
,동탄파라곤,201.4,2024-05,1,109000.0,109000,109000
,동탄파라곤,201.4,2024-07,1,111000.0,111000,111000
,동탄파라곤,201.4,2024-10,1,111500.0,111500,111500
,동탄파라곤,201.4,2025-02,1,106700.0,106700,106700
,동탄파라곤,201.4,2025-03,1,113000.0,113000,113000
,동탄파라곤,201.4,2025-05,1,106700.0,106700,106700
,동탄파라곤,201.4,2025-06,1,110000.0,110000,110000
,동탄파라곤,243.1,2025-01,1,166500.0,166500,166500
,동탄파라곤,243.1,2025-05,1,159500.0,159500,159500
,동탄파라곤,244.0,2020-09,1,160000.0,160000,160000
,동탄파라곤II,115.2,2020-03,1,49000.0,49000,49000
,동탄파라곤II,115.2,2020-12,1,63000.0,63000,63000
,동탄파라곤II,115.2,2021-08,1,75000.0,75000,75000
,동탄파라곤II,115.2,2021-11,1,75000.0,75000,75000
,동탄파라곤II,115.2,2023-08,2,63000.0,61500,64500
,동탄파라곤II,115.2,2023-09,1,75000.0,75000,75000
,동탄파라곤II,115.2,2024-12,1,75000.0,75000,75000
,동탄파라곤II,115.2,2025-12,1,67000.0,67000,67000
,동탄파라곤II,115.6,2020-01,1,48000.0,48000,48000
,동탄파라곤II,115.6,2020-02,2,49950.0,49900,50000
,동탄파라곤II,115.6,2020-03,1,48000.0,48000,48000
,동탄파라곤II,115.6,2020-05,2,48550.0,47100,50000
,동탄파라곤II,115.6,2020-06,1,48500.0,48500,48500
,동탄파라곤II,115.6,2020-07,3,49500.0,49000,60000
,동탄파라곤II,115.6,2020-11,1,64500.0,64500,64500
,동탄파라곤II,115.6,2020-12,1,63000.0,63000,63000
,동탄파라곤II,115.6,2021-03,1,63000.0,63000,63000
,동탄파라곤II,115.6,2021-05,1,65600.0,65600,65600
,동탄파라곤II,115.6,2021-11,1,78500.0,78500,78500
,동탄파라곤II,115.6,2023-01,1,57000.0,57000,57000
,동탄파라곤II,115.6,2023-06,1,61700.0,61700,61700
,동탄파라곤II,115.6,2024-03,2,63000.0,63000,63000
,동탄파라곤II,115.6,2024-11,1,65000.0,65000,65000
,동탄파라곤II,115.6,2025-02,1,63500.0,63500,63500
,동탄파라곤II,115.6,2025-03,1,61500.0,61500,61500
,동탄파라곤II,115.6,2025-07,1,68500.0,68500,68500
,동탄파라곤II,115.6,2026-01,1,65000.0,65000,65000
,동탄파라곤II,115.6,2026-03,1,73000.0,73000,73000
,동탄파라곤II,115.6,2026-06,1,64500.0,64500,64500
,동탄파라곤II,162.6,2021-12,1,122000.0,122000,122000
,레이크반도유보라아이비파크9.0,93.4,2020-01,1,46000.0,46000,46000
,레이크반도유보라아이비파크9.0,93.4,2020-11,1,64800.0,64800,64800
,레이크반도유보라아이비파크9.0,93.4,2021-02,1,74500.0,74500,74500
,레이크반도유보라아이비파크9.0,93.4,2021-03,1,71000.0,71000,71000
,레이크반도유보라아이비파크9.0,93.4,2023-07,1,61000.0,61000,61000
,레이크반도유보라아이비파크9.0,93.4,2023-09,1,64000.0,64000,64000
,레이크반도유보라아이비파크9.0,93.4,2024-06,1,61500.0,61500,61500
,레이크반도유보라아이비파크9.0,93.4,2025-11,1,64000.0,64000,64000
,레이크반도유보라아이비파크9.0,93.4,2026-03,1,60000.0,60000,60000
,레이크반도유보라아이비파크9.0,102.0,2020-01,10,47250.0,41500,48700
,레이크반도유보라아이비파크9.0,102.0,2020-02,8,53000.0,48500,65000
,레이크반도유보라아이비파크9.0,102.0,2020-03,2,56350.0,53700,59000
,레이크반도유보라아이비파크9.0,102.0,2020-04,2,55725.0,53700,57750
,레이크반도유보라아이비파크9.0,102.0,2020-05,2,60250.0,55500,65000
,레이크반도유보라아이비파크9.0,102.0,2020-06,5,57800.0,57400,67500
,레이크반도유보라아이비파크9.0,102.0,2020-07,1,60000.0,60000,60000
,레이크반도유보라아이비파크9.0,102.0,2020-08,1,57400.0,57400,57400
,레이크반도유보라아이비파크9.0,102.0,2020-09,2,64000.0,62500,65500
,레이크반도유보라아이비파크9.0,102.0,2020-10,4,64250.0,62900,74000
,레이크반도유보라아이비파크9.0,102.0,2020-11,2,60000.0,55000,65000
,레이크반도유보라아이비파크9.0,102.0,2020-12,5,69000.0,62500,73500
,레이크반도유보라아이비파크9.0,102.0,2021-01,2,74250.0,70000,78500
,레이크반도유보라아이비파크9.0,102.0,2021-02,1,71700.0,71700,71700
,레이크반도유보라아이비파크9.0,102.0,2021-03,1,69500.0,69500,69500
,레이크반도유보라아이비파크9.0,102.0,2021-05,2,71750.0,65000,78500
,레이크반도유보라아이비파크9.0,102.0,2021-06,4,72250.0,71000,74500
,레이크반도유보라아이비파크9.0,102.0,2021-07,3,76000.0,75000,76800
,레이크반도유보라아이비파크9.0,102.0,2021-08,2,89250.0,83500,95000
,레이크반도유보라아이비파크9.0,102.0,2021-09,1,91000.0,91000,91000
,레이크반도유보라아이비파크9.0,102.0,2021-11,1,86000.0,86000,86000
,레이크반도유보라아이비파크9.0,102.0,2021-12,1,74000.0,74000,74000
,레이크반도유보라아이비파크9.0,102.0,2022-06,2,70400.0,69800,71000
,레이크반도유보라아이비파크9.0,102.0,2022-11,1,59500.0,59500,59500
,레이크반도유보라아이비파크9.0,102.0,2022-12,1,61000.0,61000,61000
,레이크반도유보라아이비파크9.0,102.0,2023-02,2,58500.0,55000,62000
,레이크반도유보라아이비파크9.0,102.0,2023-03,2,62400.0,60000,64800
,레이크반도유보라아이비파크9.0,102.0,2023-04,1,65000.0,65000,65000
,레이크반도유보라아이비파크9.0,102.0,2023-05,2,62000.0,61000,63000
,레이크반도유보라아이비파크9.0,102.0,2023-06,1,63000.0,63000,63000
,레이크반도유보라아이비파크9.0,102.0,2023-07,3,63000.0,62000,64000
,레이크반도유보라아이비파크9.0,102.0,2023-08,3,62200.0,59000,65000
,레이크반도유보라아이비파크9.0,102.0,2023-09,3,64300.0,63800,67000
,레이크반도유보라아이비파크9.0,102.0,2023-11,3,65900.0,65000,68800
,레이크반도유보라아이비파크9.0,102.0,2023-12,2,64900.0,63300,66500
,레이크반도유보라아이비파크9.0,102.0,2024-04,1,60000.0,60000,60000
,레이크반도유보라아이비파크9.0,102.0,2024-05,2,62250.0,61500,63000
,레이크반도유보라아이비파크9.0,102.0,2024-07,1,62000.0,62000,62000
,레이크반도유보라아이비파크9.0,102.0,2024-08,3,64000.0,39200,68000
,레이크반도유보라아이비파크9.0,102.0,2024-09,3,62500.0,62200,64800
,레이크반도유보라아이비파크9.0,102.0,2024-10,3,64300.0,63000,68000
,레이크반도유보라아이비파크9.0,102.0,2024-12,1,64000.0,64000,64000
,레이크반도유보라아이비파크9.0,102.0,2025-03,1,63200.0,63200,63200
,레이크반도유보라아이비파크9.0,102.0,2025-04,1,64000.0,64000,64000
,레이크반도유보라아이비파크9.0,102.0,2025-05,1,62000.0,62000,62000
,레이크반도유보라아이비파크9.0,102.0,2025-06,1,63500.0,63500,63500
,레이크반도유보라아이비파크9.0,102.0,2025-07,1,65000.0,65000,65000
,레이크반도유보라아이비파크9.0,102.0,2025-08,1,64500.0,64500,64500
,레이크반도유보라아이비파크9.0,102.0,2025-09,1,63500.0,63500,63500
,레이크반도유보라아이비파크9.0,102.0,2025-10,3,68000.0,54000,70000
,레이크반도유보라아이비파크9.0,102.0,2025-11,1,63500.0,63500,63500
,레이크반도유보라아이비파크9.0,102.0,2025-12,1,62000.0,62000,62000
,레이크반도유보라아이비파크9.0,102.0,2026-02,2,60000.0,60000,60000
,레이크반도유보라아이비파크9.0,102.0,2026-03,2,63250.0,61000,65500
,레이크반도유보라아이비파크9.0,102.0,2026-04,4,62150.0,59500,62800
,레이크반도유보라아이비파크9.0,102.0,2026-05,2,63450.0,59900,67000
,레이크반도유보라아이비파크9.0,102.0,2026-06,7,62900.0,60500,70000
,레이크반도유보라아이비파크9.0,104.4,2020-01,2,51050.0,48100,54000
,레이크반도유보라아이비파크9.0,104.4,2020-02,6,52500.0,45700,62000
,레이크반도유보라아이비파크9.0,104.4,2020-03,1,65000.0,65000,65000
,레이크반도유보라아이비파크9.0,104.4,2020-05,1,57000.0,57000,57000
,레이크반도유보라아이비파크9.0,104.4,2020-06,1,62500.0,62500,62500
,레이크반도유보라아이비파크9.0,104.4,2020-07,1,59600.0,59600,59600
,레이크반도유보라아이비파크9.0,104.4,2020-08,3,72000.0,68800,73000
,레이크반도유보라아이비파크9.0,104.4,2020-09,1,69500.0,69500,69500
,레이크반도유보라아이비파크9.0,104.4,2020-12,1,65800.0,65800,65800
,레이크반도유보라아이비파크9.0,104.4,2021-04,1,74000.0,74000,74000
,레이크반도유보라아이비파크9.0,104.4,2021-06,3,77000.0,75500,79000
,레이크반도유보라아이비파크9.0,104.4,2021-07,1,98000.0,98000,98000
,레이크반도유보라아이비파크9.0,104.4,2021-08,1,93000.0,93000,93000
,레이크반도유보라아이비파크9.0,104.4,2021-11,1,103000.0,103000,103000
,레이크반도유보라아이비파크9.0,104.4,2022-10,1,86000.0,86000,86000
,레이크반도유보라아이비파크9.0,104.4,2022-12,1,55000.0,55000,55000
,레이크반도유보라아이비파크9.0,104.4,2023-01,1,62200.0,62200,62200
,레이크반도유보라아이비파크9.0,104.4,2023-02,2,73500.0,60000,87000
,레이크반도유보라아이비파크9.0,104.4,2023-03,2,64250.0,61500,67000
,레이크반도유보라아이비파크9.0,104.4,2023-04,1,66500.0,66500,66500
,레이크반도유보라아이비파크9.0,104.4,2023-05,1,67500.0,67500,67500
,레이크반도유보라아이비파크9.0,104.4,2023-07,1,82800.0,82800,82800
,레이크반도유보라아이비파크9.0,104.4,2024-03,2,76450.0,68900,84000
,레이크반도유보라아이비파크9.0,104.4,2024-07,3,68500.0,64000,84000
,레이크반도유보라아이비파크9.0,104.4,2024-08,1,63500.0,63500,63500
,레이크반도유보라아이비파크9.0,104.4,2024-09,1,72500.0,72500,72500
,레이크반도유보라아이비파크9.0,104.4,2024-12,1,67000.0,67000,67000
,레이크반도유보라아이비파크9.0,104.4,2025-08,1,65000.0,65000,65000
,레이크반도유보라아이비파크9.0,104.4,2025-09,1,62000.0,62000,62000
,레이크반도유보라아이비파크9.0,104.4,2025-10,1,63500.0,63500,63500
,레이크반도유보라아이비파크9.0,104.4,2025-11,2,66000.0,65000,67000
,레이크반도유보라아이비파크9.0,104.4,2025-12,1,68000.0,68000,68000
,레이크반도유보라아이비파크9.0,104.4,2026-01,3,67500.0,65000,76300
,레이크반도유보라아이비파크9.0,104.4,2026-03,1,66000.0,66000,66000
,레이크반도유보라아이비파크9.0,104.4,2026-04,2,67500.0,67500,67500
,레이크반도유보라아이비파크9.0,104.4,2026-05,1,75000.0,75000,75000
,레이크반도유보라아이비파크9.0,104.4,2026-06,3,75000.0,74500,81000
,레이크힐 반도유보라 아이비파크 10.2,77.2,2020-01,2,36000.0,35000,37000
,레이크힐 반도유보라 아이비파크 10.2,77.2,2020-06,1,45000.0,45000,45000
,레이크힐 반도유보라 아이비파크 10.2,77.2,2020-07,3,45000.0,43500,50000
,레이크힐 반도유보라 아이비파크 10.2,77.2,2020-11,1,49500.0,49500,49500
,레이크힐 반도유보라 아이비파크 10.2,77.2,2021-03,2,55750.0,54500,57000
,레이크힐 반도유보라 아이비파크 10.2,77.2,2021-04,1,53600.0,53600,53600
,레이크힐 반도유보라 아이비파크 10.2,77.2,2021-05,2,56400.0,55800,57000
,레이크힐 반도유보라 아이비파크 10.2,77.2,2021-06,2,58850.0,58700,59000
,레이크힐 반도유보라 아이비파크 10.2,77.2,2021-07,2,60000.0,60000,60000
,레이크힐 반도유보라 아이비파크 10.2,77.2,2021-08,1,63300.0,63300,63300
,레이크힐 반도유보라 아이비파크 10.2,77.2,2022-11,1,46000.0,46000,46000
,레이크힐 반도유보라 아이비파크 10.2,77.2,2022-12,1,40800.0,40800,40800
,레이크힐 반도유보라 아이비파크 10.2,77.2,2023-01,1,36000.0,36000,36000
,레이크힐 반도유보라 아이비파크 10.2,77.2,2023-02,1,42700.0,42700,42700
,레이크힐 반도유보라 아이비파크 10.2,77.2,2023-03,1,44000.0,44000,44000
,레이크힐 반도유보라 아이비파크 10.2,77.2,2023-11,1,51500.0,51500,51500
,레이크힐 반도유보라 아이비파크 10.2,77.2,2024-01,1,52000.0,52000,52000
,레이크힐 반도유보라 아이비파크 10.2,77.2,2024-08,1,52000.0,52000,52000
,레이크힐 반도유보라 아이비파크 10.2,77.2,2024-10,2,51800.0,50900,52700
,레이크힐 반도유보라 아이비파크 10.2,77.2,2025-01,1,50000.0,50000,50000
,레이크힐 반도유보라 아이비파크 10.2,77.2,2025-02,1,49500.0,49500,49500
,레이크힐 반도유보라 아이비파크 10.2,77.2,2025-04,2,49300.0,49000,49600
,레이크힐 반도유보라 아이비파크 10.2,77.2,2025-06,1,47000.0,47000,47000
,레이크힐 반도유보라 아이비파크 10.2,77.2,2025-07,2,45000.0,44500,45500
,레이크힐 반도유보라 아이비파크 10.2,77.2,2025-08,2,46500.0,46000,47000
,레이크힐 반도유보라 아이비파크 10.2,77.2,2025-10,3,49000.0,46000,50000
,레이크힐 반도유보라 아이비파크 10.2,77.2,2026-05,1,49900.0,49900,49900
,레이크힐 반도유보라 아이비파크 10.2,77.2,2026-06,2,51950.0,51900,52000
,레이크힐 반도유보라 아이비파크 10.2,85.0,2020-01,9,40800.0,39000,45000
,레이크힐 반도유보라 아이비파크 10.2,85.0,2020-02,7,45800.0,42000,48000
,레이크힐 반도유보라 아이비파크 10.2,85.0,2020-05,1,53000.0,53000,53000
,레이크힐 반도유보라 아이비파크 10.2,85.0,2020-06,3,53000.0,52500,55000
,레이크힐 반도유보라 아이비파크 10.2,85.0,2020-08,2,57050.0,54800,59300
,레이크힐 반도유보라 아이비파크 10.2,85.0,2020-09,2,56950.0,56000,57900
,레이크힐 반도유보라 아이비파크 10.2,85.0,2020-11,3,55000.0,55000,58000
,레이크힐 반도유보라 아이비파크 10.2,85.0,2020-12,3,56500.0,55000,59200
,레이크힐 반도유보라 아이비파크 10.2,85.0,2021-01,6,56850.0,50000,61300
,레이크힐 반도유보라 아이비파크 10.2,85.0,2021-02,4,58200.0,55000,60000
,레이크힐 반도유보라 아이비파크 10.2,85.0,2021-03,8,59450.0,58000,61800
,레이크힐 반도유보라 아이비파크 10.2,85.0,2021-04,4,59450.0,57000,60200
,레이크힐 반도유보라 아이비파크 10.2,85.0,2021-05,5,61000.0,54300,63700
,레이크힐 반도유보라 아이비파크 10.2,85.0,2021-06,10,62850.0,56500,65900
,레이크힐 반도유보라 아이비파크 10.2,85.0,2021-07,5,63500.0,63000,66000
,레이크힐 반도유보라 아이비파크 10.2,85.0,2021-08,3,68000.0,65000,69500
,레이크힐 반도유보라 아이비파크 10.2,85.0,2021-09,3,67700.0,64900,72000
,레이크힐 반도유보라 아이비파크 10.2,85.0,2021-10,1,70000.0,70000,70000
,레이크힐 반도유보라 아이비파크 10.2,85.0,2021-11,3,62500.0,56900,65000
,레이크힐 반도유보라 아이비파크 10.2,85.0,2021-12,1,60000.0,60000,60000
,레이크힐 반도유보라 아이비파크 10.2,85.0,2022-01,1,61000.0,61000,61000
,레이크힐 반도유보라 아이비파크 10.2,85.0,2022-02,2,59450.0,59000,59900
,레이크힐 반도유보라 아이비파크 10.2,85.0,2022-05,1,59000.0,59000,59000
,레이크힐 반도유보라 아이비파크 10.2,85.0,2022-09,1,50000.0,50000,50000
,레이크힐 반도유보라 아이비파크 10.2,85.0,2022-10,2,49200.0,48400,50000
,레이크힐 반도유보라 아이비파크 10.2,85.0,2022-11,1,49000.0,49000,49000
,레이크힐 반도유보라 아이비파크 10.2,85.0,2022-12,2,48500.0,48000,49000
,레이크힐 반도유보라 아이비파크 10.2,85.0,2023-02,7,46700.0,44500,48000
,레이크힐 반도유보라 아이비파크 10.2,85.0,2023-03,4,46600.0,45300,48800
,레이크힐 반도유보라 아이비파크 10.2,85.0,2023-04,4,50650.0,50000,52000
,레이크힐 반도유보라 아이비파크 10.2,85.0,2023-05,6,51500.0,49000,53500
,레이크힐 반도유보라 아이비파크 10.2,85.0,2023-06,1,53000.0,53000,53000
,레이크힐 반도유보라 아이비파크 10.2,85.0,2023-07,4,53900.0,53000,54000
,레이크힐 반도유보라 아이비파크 10.2,85.0,2023-08,3,53750.0,53700,55000
,레이크힐 반도유보라 아이비파크 10.2,85.0,2023-09,1,51900.0,51900,51900
,레이크힐 반도유보라 아이비파크 10.2,85.0,2023-10,5,53500.0,53000,55250
,레이크힐 반도유보라 아이비파크 10.2,85.0,2023-11,1,53800.0,53800,53800
,레이크힐 반도유보라 아이비파크 10.2,85.0,2024-01,3,54000.0,53900,55000
,레이크힐 반도유보라 아이비파크 10.2,85.0,2024-03,6,52000.0,50500,54500
,레이크힐 반도유보라 아이비파크 10.2,85.0,2024-04,6,52200.0,50500,53900
,레이크힐 반도유보라 아이비파크 10.2,85.0,2024-05,4,52600.0,47000,54000
,레이크힐 반도유보라 아이비파크 10.2,85.0,2024-06,6,52850.0,51000,54000
,레이크힐 반도유보라 아이비파크 10.2,85.0,2024-07,3,53000.0,49800,54000
,레이크힐 반도유보라 아이비파크 10.2,85.0,2024-08,4,52850.0,52500,53500
,레이크힐 반도유보라 아이비파크 10.2,85.0,2024-09,4,53250.0,53000,53800
,레이크힐 반도유보라 아이비파크 10.2,85.0,2024-10,6,53300.0,52000,55000
,레이크힐 반도유보라 아이비파크 10.2,85.0,2024-11,3,52500.0,50250,53000
,레이크힐 반도유보라 아이비파크 10.2,85.0,2024-12,3,53300.0,51700,53400
,레이크힐 반도유보라 아이비파크 10.2,85.0,2025-02,3,52700.0,52000,53000
,레이크힐 반도유보라 아이비파크 10.2,85.0,2025-03,2,52200.0,51900,52500
,레이크힐 반도유보라 아이비파크 10.2,85.0,2025-04,2,52600.0,52500,52700
,레이크힐 반도유보라 아이비파크 10.2,85.0,2025-05,5,52000.0,51900,52900
,레이크힐 반도유보라 아이비파크 10.2,85.0,2025-06,3,51900.0,51400,52700
,레이크힐 반도유보라 아이비파크 10.2,85.0,2025-07,2,52200.0,52000,52400
,레이크힐 반도유보라 아이비파크 10.2,85.0,2025-08,1,48000.0,48000,48000
,레이크힐 반도유보라 아이비파크 10.2,85.0,2025-09,3,50000.0,42000,50000
,레이크힐 반도유보라 아이비파크 10.2,85.0,2025-10,2,50500.0,50000,51000
,레이크힐 반도유보라 아이비파크 10.2,85.0,2025-11,5,51500.0,50300,53000
,레이크힐 반도유보라 아이비파크 10.2,85.0,2025-12,2,51750.0,51000,52500
,레이크힐 반도유보라 아이비파크 10.2,85.0,2026-01,5,51500.0,51000,54000
,레이크힐 반도유보라 아이비파크 10.2,85.0,2026-02,5,52800.0,50900,53000
,레이크힐 반도유보라 아이비파크 10.2,85.0,2026-03,11,52400.0,50000,53800
,레이크힐 반도유보라 아이비파크 10.2,85.0,2026-04,5,51800.0,49000,53500
,레이크힐 반도유보라 아이비파크 10.2,85.0,2026-05,6,53250.0,51900,54000
,레이크힐 반도유보라 아이비파크 10.2,85.0,2026-06,20,54600.0,50000,58000
,레이크힐 반도유보라 아이비파크 10.2,96.7,2020-01,2,47000.0,45000,49000
,레이크힐 반도유보라 아이비파크 10.2,96.7,2020-02,2,47750.0,46000,49500
,레이크힐 반도유보라 아이비파크 10.2,96.7,2020-04,1,48000.0,48000,48000
,레이크힐 반도유보라 아이비파크 10.2,96.7,2020-06,3,53000.0,53000,54000
,레이크힐 반도유보라 아이비파크 10.2,96.7,2020-07,2,57375.0,53000,61750
,레이크힐 반도유보라 아이비파크 10.2,96.7,2020-10,1,64500.0,64500,64500
,레이크힐 반도유보라 아이비파크 10.2,96.7,2020-11,2,62700.0,61900,63500
,레이크힐 반도유보라 아이비파크 10.2,96.7,2021-01,4,65200.0,62000,66000
,레이크힐 반도유보라 아이비파크 10.2,96.7,2021-02,1,62000.0,62000,62000
,레이크힐 반도유보라 아이비파크 10.2,96.7,2021-03,2,61150.0,59000,63300
,레이크힐 반도유보라 아이비파크 10.2,96.7,2021-05,5,65500.0,64000,66700
,레이크힐 반도유보라 아이비파크 10.2,96.7,2021-06,2,68350.0,68000,68700
,레이크힐 반도유보라 아이비파크 10.2,96.7,2021-07,1,71000.0,71000,71000
,레이크힐 반도유보라 아이비파크 10.2,96.7,2021-08,1,75000.0,75000,75000
,레이크힐 반도유보라 아이비파크 10.2,96.7,2021-09,2,70000.0,68000,72000
,레이크힐 반도유보라 아이비파크 10.2,96.7,2021-11,1,61000.0,61000,61000
,레이크힐 반도유보라 아이비파크 10.2,96.7,2021-12,1,65000.0,65000,65000
,레이크힐 반도유보라 아이비파크 10.2,96.7,2022-03,1,71800.0,71800,71800
,레이크힐 반도유보라 아이비파크 10.2,96.7,2022-05,2,66500.0,64000,69000
,레이크힐 반도유보라 아이비파크 10.2,96.7,2022-06,1,64950.0,64950,64950
,레이크힐 반도유보라 아이비파크 10.2,96.7,2022-12,1,56800.0,56800,56800
,레이크힐 반도유보라 아이비파크 10.2,96.7,2023-02,2,54000.0,50000,58000
,레이크힐 반도유보라 아이비파크 10.2,96.7,2023-03,4,55500.0,50500,58000
,레이크힐 반도유보라 아이비파크 10.2,96.7,2023-05,3,60400.0,58500,61000
,레이크힐 반도유보라 아이비파크 10.2,96.7,2023-06,1,59800.0,59800,59800
,레이크힐 반도유보라 아이비파크 10.2,96.7,2023-07,1,60800.0,60800,60800
,레이크힐 반도유보라 아이비파크 10.2,96.7,2023-08,1,61500.0,61500,61500
,레이크힐 반도유보라 아이비파크 10.2,96.7,2023-09,1,58800.0,58800,58800
,레이크힐 반도유보라 아이비파크 10.2,96.7,2023-10,1,60300.0,60300,60300
,레이크힐 반도유보라 아이비파크 10.2,96.7,2023-11,1,60000.0,60000,60000
,레이크힐 반도유보라 아이비파크 10.2,96.7,2023-12,2,58850.0,58700,59000
,레이크힐 반도유보라 아이비파크 10.2,96.7,2024-04,1,58000.0,58000,58000
,레이크힐 반도유보라 아이비파크 10.2,96.7,2024-05,2,58950.0,57300,60600
,레이크힐 반도유보라 아이비파크 10.2,96.7,2024-06,1,57800.0,57800,57800
,레이크힐 반도유보라 아이비파크 10.2,96.7,2024-07,1,58000.0,58000,58000
,레이크힐 반도유보라 아이비파크 10.2,96.7,2024-09,1,59500.0,59500,59500
,레이크힐 반도유보라 아이비파크 10.2,96.7,2024-10,2,55500.0,53000,58000
,레이크힐 반도유보라 아이비파크 10.2,96.7,2024-11,2,59800.0,59800,59800
,레이크힐 반도유보라 아이비파크 10.2,96.7,2024-12,2,60550.0,59200,61900
,레이크힐 반도유보라 아이비파크 10.2,96.7,2025-02,1,63000.0,63000,63000
,레이크힐 반도유보라 아이비파크 10.2,96.7,2025-03,1,56000.0,56000,56000
,레이크힐 반도유보라 아이비파크 10.2,96.7,2025-06,3,56000.0,54500,58500
,레이크힐 반도유보라 아이비파크 10.2,96.7,2025-07,2,59500.0,59000,60000
,레이크힐 반도유보라 아이비파크 10.2,96.7,2025-08,2,57150.0,56500,57800
,레이크힐 반도유보라 아이비파크 10.2,96.7,2025-09,2,57450.0,56000,58900
,레이크힐 반도유보라 아이비파크 10.2,96.7,2025-10,3,54800.0,53000,55400
,레이크힐 반도유보라 아이비파크 10.2,96.7,2025-11,4,57500.0,56500,60900
,레이크힐 반도유보라 아이비파크 10.2,96.7,2025-12,2,55400.0,54800,56000
,레이크힐 반도유보라 아이비파크 10.2,96.7,2026-01,2,59350.0,58500,60200
,레이크힐 반도유보라 아이비파크 10.2,96.7,2026-02,2,58200.0,57900,58500
,레이크힐 반도유보라 아이비파크 10.2,96.7,2026-03,6,56450.0,50000,58700
,레이크힐 반도유보라 아이비파크 10.2,96.7,2026-04,6,57250.0,53300,59800
,레이크힐 반도유보라 아이비파크 10.2,96.7,2026-05,4,54900.0,50500,57000
,레이크힐 반도유보라 아이비파크 10.2,96.7,2026-06,6,60300.0,59500,64000
,레이크힐 반도유보라 아이비파크 10.2,96.8,2020-01,3,46200.0,43900,47000
,레이크힐 반도유보라 아이비파크 10.2,96.8,2020-02,5,49000.0,45000,52000
,레이크힐 반도유보라 아이비파크 10.2,96.8,2020-03,2,50750.0,49500,52000
,레이크힐 반도유보라 아이비파크 10.2,96.8,2020-05,3,53000.0,52000,53000
,레이크힐 반도유보라 아이비파크 10.2,96.8,2020-06,2,54500.0,53000,56000
,레이크힐 반도유보라 아이비파크 10.2,96.8,2020-07,2,57500.0,56000,59000
,레이크힐 반도유보라 아이비파크 10.2,96.8,2020-08,1,62700.0,62700,62700
,레이크힐 반도유보라 아이비파크 10.2,96.8,2020-12,1,60000.0,60000,60000
,레이크힐 반도유보라 아이비파크 10.2,96.8,2021-01,1,63000.0,63000,63000
,레이크힐 반도유보라 아이비파크 10.2,96.8,2021-03,2,63250.0,63000,63500
,레이크힐 반도유보라 아이비파크 10.2,96.8,2021-04,1,61500.0,61500,61500
,레이크힐 반도유보라 아이비파크 10.2,96.8,2021-05,4,63950.0,63500,70000
,레이크힐 반도유보라 아이비파크 10.2,96.8,2021-06,1,65000.0,65000,65000
,레이크힐 반도유보라 아이비파크 10.2,96.8,2021-07,3,71000.0,68900,71000
,레이크힐 반도유보라 아이비파크 10.2,96.8,2021-08,3,73500.0,70000,75000
,레이크힐 반도유보라 아이비파크 10.2,96.8,2021-09,3,77000.0,74000,80000
,레이크힐 반도유보라 아이비파크 10.2,96.8,2021-10,3,85000.0,74700,87800
,레이크힐 반도유보라 아이비파크 10.2,96.8,2021-11,1,68900.0,68900,68900
,레이크힐 반도유보라 아이비파크 10.2,96.8,2022-04,1,68500.0,68500,68500
,레이크힐 반도유보라 아이비파크 10.2,96.8,2022-06,1,65300.0,65300,65300
,레이크힐 반도유보라 아이비파크 10.2,96.8,2022-07,2,66250.0,64500,68000
,레이크힐 반도유보라 아이비파크 10.2,96.8,2022-08,1,60000.0,60000,60000
,레이크힐 반도유보라 아이비파크 10.2,96.8,2022-11,2,60000.0,55000,65000
,레이크힐 반도유보라 아이비파크 10.2,96.8,2023-03,4,55150.0,54000,55700
,레이크힐 반도유보라 아이비파크 10.2,96.8,2023-04,2,53250.0,53000,53500
,레이크힐 반도유보라 아이비파크 10.2,96.8,2023-05,3,57000.0,49000,65500
,레이크힐 반도유보라 아이비파크 10.2,96.8,2023-07,3,60000.0,58000,61600
,레이크힐 반도유보라 아이비파크 10.2,96.8,2023-09,1,59000.0,59000,59000
,레이크힐 반도유보라 아이비파크 10.2,96.8,2024-01,1,44000.0,44000,44000
,레이크힐 반도유보라 아이비파크 10.2,96.8,2024-02,1,57800.0,57800,57800
,레이크힐 반도유보라 아이비파크 10.2,96.8,2024-03,1,56700.0,56700,56700
,레이크힐 반도유보라 아이비파크 10.2,96.8,2024-04,1,60000.0,60000,60000
,레이크힐 반도유보라 아이비파크 10.2,96.8,2024-07,2,57650.0,55500,59800
,레이크힐 반도유보라 아이비파크 10.2,96.8,2024-08,1,62000.0,62000,62000
,레이크힐 반도유보라 아이비파크 10.2,96.8,2024-11,1,67000.0,67000,67000
,레이크힐 반도유보라 아이비파크 10.2,96.8,2025-01,2,55650.0,54300,57000
,레이크힐 반도유보라 아이비파크 10.2,96.8,2025-03,1,59000.0,59000,59000
,레이크힐 반도유보라 아이비파크 10.2,96.8,2025-05,2,56200.0,55000,57400
,레이크힐 반도유보라 아이비파크 10.2,96.8,2025-06,1,57000.0,57000,57000
,레이크힐 반도유보라 아이비파크 10.2,96.8,2025-07,4,56750.0,39000,59000
,레이크힐 반도유보라 아이비파크 10.2,96.8,2025-10,1,56300.0,56300,56300
,레이크힐 반도유보라 아이비파크 10.2,96.8,2025-11,2,56025.0,55250,56800
,레이크힐 반도유보라 아이비파크 10.2,96.8,2025-12,2,54600.0,52000,57200
,레이크힐 반도유보라 아이비파크 10.2,96.8,2026-01,3,59300.0,57000,59700
,레이크힐 반도유보라 아이비파크 10.2,96.8,2026-02,1,51000.0,51000,51000
,레이크힐 반도유보라 아이비파크 10.2,96.8,2026-03,2,51250.0,50500,52000
,레이크힐 반도유보라 아이비파크 10.2,96.8,2026-04,1,55500.0,55500,55500
,레이크힐 반도유보라 아이비파크 10.2,96.8,2026-05,2,57625.0,54000,61250
,레이크힐 반도유보라 아이비파크 10.2,96.8,2026-06,13,57900.0,51500,62000
,반도유보라아이비파크3,60.0,2020-01,10,39800.0,37500,44000
,반도유보라아이비파크3,60.0,2020-02,12,43500.0,40000,47000
,반도유보라아이비파크3,60.0,2020-03,5,45000.0,43000,45500
,반도유보라아이비파크3,60.0,2020-04,1,44300.0,44300,44300
,반도유보라아이비파크3,60.0,2020-05,2,44200.0,43400,45000
,반도유보라아이비파크3,60.0,2020-06,18,45850.0,42700,49500
,반도유보라아이비파크3,60.0,2020-07,15,49900.0,47000,51000
,반도유보라아이비파크3,60.0,2020-08,2,51250.0,50000,52500
,반도유보라아이비파크3,60.0,2020-09,1,50700.0,50700,50700
,반도유보라아이비파크3,60.0,2020-10,7,50000.0,49300,53000
,반도유보라아이비파크3,60.0,2020-11,8,51500.0,50000,53100
,반도유보라아이비파크3,60.0,2020-12,11,52700.0,47000,57200
,반도유보라아이비파크3,60.0,2021-01,10,55500.0,52000,58500
,반도유보라아이비파크3,60.0,2021-02,6,59750.0,55900,62000
,반도유보라아이비파크3,60.0,2021-03,2,59750.0,59500,60000
,반도유보라아이비파크3,60.0,2021-04,4,60700.0,53500,62200
,반도유보라아이비파크3,60.0,2021-05,7,60000.0,58000,63000
,반도유보라아이비파크3,60.0,2021-06,3,61500.0,60000,62000
,반도유보라아이비파크3,60.0,2021-07,13,66000.0,64000,73300
,반도유보라아이비파크3,60.0,2021-08,1,71900.0,71900,71900
,반도유보라아이비파크3,60.0,2021-09,2,73000.0,72000,74000
,반도유보라아이비파크3,60.0,2021-10,1,72000.0,72000,72000
,반도유보라아이비파크3,60.0,2021-11,2,72500.0,72000,73000
,반도유보라아이비파크3,60.0,2021-12,1,59500.0,59500,59500
,반도유보라아이비파크3,60.0,2022-01,3,59500.0,59400,66000
,반도유보라아이비파크3,60.0,2022-02,2,60000.0,59000,61000
,반도유보라아이비파크3,60.0,2022-03,2,58650.0,58000,59300
,반도유보라아이비파크3,60.0,2022-04,2,59750.0,58500,61000
,반도유보라아이비파크3,60.0,2022-05,1,59500.0,59500,59500
,반도유보라아이비파크3,60.0,2022-06,2,57450.0,56900,58000
,반도유보라아이비파크3,60.0,2022-07,1,52500.0,52500,52500
,반도유보라아이비파크3,60.0,2022-09,4,49750.0,45000,59000
,반도유보라아이비파크3,60.0,2022-10,6,42000.0,41500,43000
,반도유보라아이비파크3,60.0,2022-11,4,44750.0,41000,45500
,반도유보라아이비파크3,60.0,2022-12,1,44500.0,44500,44500
,반도유보라아이비파크3,60.0,2023-01,7,43500.0,41000,45000
,반도유보라아이비파크3,60.0,2023-02,2,46000.0,46000,46000
,반도유보라아이비파크3,60.0,2023-03,7,46000.0,40000,47500
,반도유보라아이비파크3,60.0,2023-04,4,49750.0,45000,53000
,반도유보라아이비파크3,60.0,2023-05,1,51000.0,51000,51000
,반도유보라아이비파크3,60.0,2023-06,4,55000.0,52500,56000
,반도유보라아이비파크3,60.0,2023-07,5,54500.0,49300,57000
,반도유보라아이비파크3,60.0,2023-08,3,54500.0,51900,57000
,반도유보라아이비파크3,60.0,2023-09,2,54500.0,54000,55000
,반도유보라아이비파크3,60.0,2023-10,1,54900.0,54900,54900
,반도유보라아이비파크3,60.0,2023-11,4,57450.0,56800,57500
,반도유보라아이비파크3,60.0,2024-01,3,57000.0,53000,57300
,반도유보라아이비파크3,60.0,2024-02,3,57000.0,55000,58000
,반도유보라아이비파크3,60.0,2024-03,2,55250.0,53500,57000
,반도유보라아이비파크3,60.0,2024-04,3,54000.0,51000,58000
,반도유보라아이비파크3,60.0,2024-06,2,55000.0,53000,57000
,반도유보라아이비파크3,60.0,2024-07,3,56000.0,55000,56800
,반도유보라아이비파크3,60.0,2024-08,2,54300.0,54000,54600
,반도유보라아이비파크3,60.0,2024-09,2,56350.0,56200,56500
,반도유보라아이비파크3,60.0,2024-10,6,53500.0,52400,56500
,반도유보라아이비파크3,60.0,2024-11,2,55500.0,54500,56500
,반도유보라아이비파크3,60.0,2024-12,1,55000.0,55000,55000
,반도유보라아이비파크3,60.0,2025-01,5,56000.0,55400,57100
,반도유보라아이비파크3,60.0,2025-02,3,58000.0,57700,58200
,반도유보라아이비파크3,60.0,2025-03,4,55250.0,51500,59000
,반도유보라아이비파크3,60.0,2025-04,1,54000.0,54000,54000
,반도유보라아이비파크3,60.0,2025-05,4,57000.0,56500,60000
,반도유보라아이비파크3,60.0,2025-06,6,54800.0,51000,58800
,반도유보라아이비파크3,60.0,2025-07,2,56750.0,55500,58000
,반도유보라아이비파크3,60.0,2025-08,4,54750.0,53900,58000
,반도유보라아이비파크3,60.0,2025-09,4,58000.0,55000,60000
,반도유보라아이비파크3,60.0,2025-10,8,57150.0,51800,59900
,반도유보라아이비파크3,60.0,2025-11,11,60000.0,51400,62500
,반도유보라아이비파크3,60.0,2025-12,10,59900.0,51500,63300
,반도유보라아이비파크3,60.0,2026-01,8,62200.0,51500,67500
,반도유보라아이비파크3,60.0,2026-02,12,61350.0,51000,65500
,반도유보라아이비파크3,60.0,2026-03,5,63800.0,59900,66000
,반도유보라아이비파크3,60.0,2026-04,6,65350.0,59500,67500
,반도유보라아이비파크3,60.0,2026-05,6,66900.0,63000,67900
,반도유보라아이비파크3,60.0,2026-06,20,69000.0,60000,81800
,반도유보라아이비파크3,74.4,2020-01,1,48000.0,48000,48000
,반도유보라아이비파크3,74.4,2020-02,2,53400.0,53000,53800
,반도유보라아이비파크3,74.4,2020-03,1,55000.0,55000,55000
,반도유보라아이비파크3,74.4,2020-07,2,59450.0,59400,59500
,반도유보라아이비파크3,74.4,2020-09,1,61000.0,61000,61000
,반도유보라아이비파크3,74.4,2020-11,2,53950.0,43200,64700
,반도유보라아이비파크3,74.4,2021-01,1,60500.0,60500,60500
,반도유보라아이비파크3,74.4,2021-02,2,67750.0,67500,68000
,반도유보라아이비파크3,74.4,2021-05,1,74000.0,74000,74000
,반도유보라아이비파크3,74.4,2021-06,1,74500.0,74500,74500
,반도유보라아이비파크3,74.4,2021-07,1,77000.0,77000,77000
,반도유보라아이비파크3,74.4,2022-01,1,75000.0,75000,75000
,반도유보라아이비파크3,74.4,2022-08,1,58000.0,58000,58000
,반도유보라아이비파크3,74.4,2023-01,1,52000.0,52000,52000
,반도유보라아이비파크3,74.4,2023-02,1,54000.0,54000,54000
,반도유보라아이비파크3,74.4,2023-03,1,57000.0,57000,57000
,반도유보라아이비파크3,74.4,2023-05,1,63900.0,63900,63900
,반도유보라아이비파크3,74.4,2023-07,1,63800.0,63800,63800
,반도유보라아이비파크3,74.4,2023-08,1,69300.0,69300,69300
,반도유보라아이비파크3,74.4,2023-12,1,67300.0,67300,67300
,반도유보라아이비파크3,74.4,2024-05,1,64500.0,64500,64500
,반도유보라아이비파크3,74.4,2024-09,1,64000.0,64000,64000
,반도유보라아이비파크3,74.4,2025-01,1,65000.0,65000,65000
,반도유보라아이비파크3,74.4,2025-07,1,64500.0,64500,64500
,반도유보라아이비파크3,74.4,2025-09,2,65850.0,64700,67000
,반도유보라아이비파크3,74.4,2025-10,2,66000.0,65000,67000
,반도유보라아이비파크3,74.4,2025-11,2,64250.0,62000,66500
,반도유보라아이비파크3,74.4,2026-01,1,74000.0,74000,74000
,반도유보라아이비파크3,74.4,2026-03,1,74800.0,74800,74800
,반도유보라아이비파크3,74.4,2026-04,1,75500.0,75500,75500
,반도유보라아이비파크3,74.4,2026-05,1,77800.0,77800,77800
,반도유보라아이비파크3,75.0,2020-01,2,49250.0,47000,51500
,반도유보라아이비파크3,75.0,2020-06,3,57700.0,54700,57700
,반도유보라아이비파크3,75.0,2020-09,1,60500.0,60500,60500
,반도유보라아이비파크3,75.0,2020-10,2,63150.0,62500,63800
,반도유보라아이비파크3,75.0,2020-11,1,64000.0,64000,64000
,반도유보라아이비파크3,75.0,2020-12,1,64000.0,64000,64000
,반도유보라아이비파크3,75.0,2021-01,2,65000.0,64500,65500
,반도유보라아이비파크3,75.0,2021-02,1,69700.0,69700,69700
,반도유보라아이비파크3,75.0,2021-04,1,69700.0,69700,69700
,반도유보라아이비파크3,75.0,2021-06,3,72700.0,69000,73500
,반도유보라아이비파크3,75.0,2021-07,2,78000.0,78000,78000
,반도유보라아이비파크3,75.0,2022-01,1,71500.0,71500,71500
,반도유보라아이비파크3,75.0,2022-08,1,58000.0,58000,58000
,반도유보라아이비파크3,75.0,2022-12,1,54500.0,54500,54500
,반도유보라아이비파크3,75.0,2023-02,2,54750.0,54500,55000
,반도유보라아이비파크3,75.0,2023-03,1,55800.0,55800,55800
,반도유보라아이비파크3,75.0,2023-07,1,58000.0,58000,58000
,반도유보라아이비파크3,75.0,2024-05,1,65000.0,65000,65000
,반도유보라아이비파크3,75.0,2024-07,2,63500.0,63000,64000
,반도유보라아이비파크3,75.0,2024-08,1,64000.0,64000,64000
,반도유보라아이비파크3,75.0,2024-11,2,60125.0,60000,60250
,반도유보라아이비파크3,75.0,2024-12,1,62900.0,62900,62900
,반도유보라아이비파크3,75.0,2025-06,3,66000.0,59900,67000
,반도유보라아이비파크3,75.0,2025-08,1,65900.0,65900,65900
,반도유보라아이비파크3,75.0,2025-09,2,61900.0,60800,63000
,반도유보라아이비파크3,75.0,2025-10,4,65600.0,64000,66900
,반도유보라아이비파크3,75.0,2025-12,1,71500.0,71500,71500
,반도유보라아이비파크3,75.0,2026-01,1,60000.0,60000,60000
,반도유보라아이비파크3,75.0,2026-02,2,74000.0,74000,74000
,반도유보라아이비파크3,75.0,2026-03,1,74800.0,74800,74800
,반도유보라아이비파크3,75.0,2026-05,3,77500.0,76000,79000
,반도유보라아이비파크3,84.9,2020-02,2,62250.0,60000,64500
,반도유보라아이비파크3,84.9,2020-03,1,62400.0,62400,62400
,반도유보라아이비파크3,84.9,2020-05,3,62200.0,59800,64500
,반도유보라아이비파크3,84.9,2020-07,2,68500.0,67000,70000
,반도유보라아이비파크3,84.9,2020-10,1,66000.0,66000,66000
,반도유보라아이비파크3,84.9,2020-11,1,70000.0,70000,70000
,반도유보라아이비파크3,84.9,2021-02,1,77000.0,77000,77000
,반도유보라아이비파크3,84.9,2021-05,5,78500.0,76000,79000
,반도유보라아이비파크3,84.9,2021-06,1,84000.0,84000,84000
,반도유보라아이비파크3,84.9,2021-07,2,86000.0,86000,86000
,반도유보라아이비파크3,84.9,2021-08,1,95000.0,95000,95000
,반도유보라아이비파크3,84.9,2022-03,2,77850.0,76700,79000
,반도유보라아이비파크3,84.9,2023-03,2,68500.0,68000,69000
,반도유보라아이비파크3,84.9,2023-11,1,73900.0,73900,73900
,반도유보라아이비파크3,84.9,2024-07,1,73000.0,73000,73000
,반도유보라아이비파크3,84.9,2024-11,1,74500.0,74500,74500
,반도유보라아이비파크3,84.9,2025-03,1,70500.0,70500,70500
,반도유보라아이비파크3,84.9,2025-06,1,70000.0,70000,70000
,반도유보라아이비파크3,84.9,2025-10,2,78500.0,78000,79000
,반도유보라아이비파크3,84.9,2025-11,3,80000.0,78700,80700
,반도유보라아이비파크3,84.9,2026-03,2,83350.0,82500,84200
,반도유보라아이비파크3,84.9,2026-04,1,85000.0,85000,85000
,반도유보라아이비파크3,84.9,2026-05,1,86000.0,86000,86000
,반도유보라아이비파크3,84.9,2026-06,2,83850.0,75000,92700
,반도유보라아이비파크3,85.0,2020-02,1,50000.0,50000,50000
,반도유보라아이비파크3,85.0,2020-07,1,65000.0,65000,65000
,반도유보라아이비파크3,85.0,2020-08,1,69500.0,69500,69500
,반도유보라아이비파크3,85.0,2020-12,1,74000.0,74000,74000
,반도유보라아이비파크3,85.0,2021-01,2,74000.0,73000,75000
,반도유보라아이비파크3,85.0,2021-02,1,74500.0,74500,74500
,반도유보라아이비파크3,85.0,2021-03,1,79000.0,79000,79000
,반도유보라아이비파크3,85.0,2021-05,1,74500.0,74500,74500
,반도유보라아이비파크3,85.0,2021-06,1,79000.0,79000,79000
,반도유보라아이비파크3,85.0,2021-07,3,87000.0,85000,89000
,반도유보라아이비파크3,85.0,2022-06,1,79800.0,79800,79800
,반도유보라아이비파크3,85.0,2022-11,1,65000.0,65000,65000
,반도유보라아이비파크3,85.0,2023-04,1,69500.0,69500,69500
,반도유보라아이비파크3,85.0,2023-08,1,75000.0,75000,75000
,반도유보라아이비파크3,85.0,2024-06,1,74800.0,74800,74800
,반도유보라아이비파크3,85.0,2024-07,1,74500.0,74500,74500
,반도유보라아이비파크3,85.0,2024-08,1,69300.0,69300,69300
,반도유보라아이비파크3,85.0,2024-11,1,71000.0,71000,71000
,반도유보라아이비파크3,85.0,2024-12,1,74000.0,74000,74000
,반도유보라아이비파크3,85.0,2025-08,1,69800.0,69800,69800
,반도유보라아이비파크3,85.0,2025-09,1,71000.0,71000,71000
,반도유보라아이비파크3,85.0,2025-10,1,77000.0,77000,77000
,반도유보라아이비파크3,85.0,2025-11,1,74600.0,74600,74600
,반도유보라아이비파크3,85.0,2026-01,2,79850.0,77000,82700
,반도유보라아이비파크3,85.0,2026-04,1,84400.0,84400,84400
,반도유보라아이비파크3,85.0,2026-06,5,87000.0,56000,93000
,시범다은마을우남퍼스트빌,67.1,2020-01,5,39800.0,36500,43000
,시범다은마을우남퍼스트빌,67.1,2020-02,7,42000.0,41000,46500
,시범다은마을우남퍼스트빌,67.1,2020-03,1,45800.0,45800,45800
,시범다은마을우남퍼스트빌,67.1,2020-07,1,43000.0,43000,43000
,시범다은마을우남퍼스트빌,67.1,2020-08,2,46900.0,45000,48800
,시범다은마을우남퍼스트빌,67.1,2020-11,3,49500.0,48300,52000
,시범다은마을우남퍼스트빌,67.1,2020-12,6,50450.0,49200,51000
,시범다은마을우남퍼스트빌,67.1,2021-01,1,53500.0,53500,53500
,시범다은마을우남퍼스트빌,67.1,2021-02,1,58000.0,58000,58000
,시범다은마을우남퍼스트빌,67.1,2021-05,2,62450.0,61900,63000
,시범다은마을우남퍼스트빌,67.1,2021-06,3,64000.0,60000,65750
,시범다은마을우남퍼스트빌,67.1,2021-07,1,65400.0,65400,65400
,시범다은마을우남퍼스트빌,67.1,2021-08,2,66850.0,65900,67800
,시범다은마을우남퍼스트빌,67.1,2021-09,2,67800.0,67800,67800
,시범다은마을우남퍼스트빌,67.1,2021-10,2,64550.0,61300,67800
,시범다은마을우남퍼스트빌,67.1,2021-11,1,65000.0,65000,65000
,시범다은마을우남퍼스트빌,67.1,2021-12,1,61100.0,61100,61100
,시범다은마을우남퍼스트빌,67.1,2022-02,1,60900.0,60900,60900
,시범다은마을우남퍼스트빌,67.1,2022-06,1,59000.0,59000,59000
,시범다은마을우남퍼스트빌,67.1,2023-01,1,44000.0,44000,44000
,시범다은마을우남퍼스트빌,67.1,2023-02,1,45900.0,45900,45900
,시범다은마을우남퍼스트빌,67.1,2023-04,1,48500.0,48500,48500
,시범다은마을우남퍼스트빌,67.1,2023-05,4,53000.0,50000,54500
,시범다은마을우남퍼스트빌,67.1,2023-08,2,54000.0,54000,54000
,시범다은마을우남퍼스트빌,67.1,2023-11,1,58900.0,58900,58900
,시범다은마을우남퍼스트빌,67.1,2024-03,1,56800.0,56800,56800
,시범다은마을우남퍼스트빌,67.1,2024-04,1,57000.0,57000,57000
,시범다은마을우남퍼스트빌,67.1,2024-06,1,58000.0,58000,58000
,시범다은마을우남퍼스트빌,67.1,2024-07,2,54600.0,54200,55000
,시범다은마을우남퍼스트빌,67.1,2024-09,1,56000.0,56000,56000
,시범다은마을우남퍼스트빌,67.1,2024-10,1,56500.0,56500,56500
,시범다은마을우남퍼스트빌,67.1,2025-02,2,61000.0,58000,64000
,시범다은마을우남퍼스트빌,67.1,2025-03,2,57500.0,57000,58000
,시범다은마을우남퍼스트빌,67.1,2025-04,1,59100.0,59100,59100
,시범다은마을우남퍼스트빌,67.1,2025-05,1,53500.0,53500,53500
,시범다은마을우남퍼스트빌,67.1,2025-06,2,57450.0,55000,59900
,시범다은마을우남퍼스트빌,67.1,2025-08,2,58100.0,57500,58700
,시범다은마을우남퍼스트빌,67.1,2025-09,5,57000.0,56000,59500
,시범다은마을우남퍼스트빌,67.1,2025-10,1,60000.0,60000,60000
,시범다은마을우남퍼스트빌,67.1,2025-11,1,60000.0,60000,60000
,시범다은마을우남퍼스트빌,67.1,2025-12,4,61500.0,51000,64300
,시범다은마을우남퍼스트빌,67.1,2026-01,2,65250.0,63700,66800
,시범다은마을우남퍼스트빌,67.1,2026-02,4,65750.0,60000,68500
,시범다은마을우남퍼스트빌,67.1,2026-03,2,62150.0,59800,64500
,시범다은마을우남퍼스트빌,67.1,2026-04,3,68000.0,67500,69500
,시범다은마을우남퍼스트빌,67.1,2026-05,2,70500.0,66000,75000
,시범다은마을우남퍼스트빌,67.1,2026-06,3,70500.0,68500,80000
,시범다은마을우남퍼스트빌,84.4,2020-01,5,47500.0,42000,49000
,시범다은마을우남퍼스트빌,84.4,2020-02,4,51050.0,48000,52000
,시범다은마을우남퍼스트빌,84.4,2020-05,1,50500.0,50500,50500
,시범다은마을우남퍼스트빌,84.4,2020-06,1,56800.0,56800,56800
,시범다은마을우남퍼스트빌,84.4,2020-08,1,52000.0,52000,52000
,시범다은마을우남퍼스트빌,84.4,2020-09,1,54300.0,54300,54300
,시범다은마을우남퍼스트빌,84.4,2020-10,1,54500.0,54500,54500
,시범다은마을우남퍼스트빌,84.4,2020-11,1,56500.0,56500,56500
,시범다은마을우남퍼스트빌,84.4,2020-12,2,60000.0,60000,60000
,시범다은마을우남퍼스트빌,84.4,2021-02,1,62500.0,62500,62500
,시범다은마을우남퍼스트빌,84.4,2021-04,1,69000.0,69000,69000
,시범다은마을우남퍼스트빌,84.4,2021-05,1,69000.0,69000,69000
,시범다은마을우남퍼스트빌,84.4,2021-06,2,71700.0,71500,71900
,시범다은마을우남퍼스트빌,84.4,2021-07,2,70000.0,68000,72000
,시범다은마을우남퍼스트빌,84.4,2021-08,2,75750.0,74500,77000
,시범다은마을우남퍼스트빌,84.4,2021-09,1,69700.0,69700,69700
,시범다은마을우남퍼스트빌,84.4,2021-11,1,73500.0,73500,73500
,시범다은마을우남퍼스트빌,84.4,2021-12,2,73000.0,71000,75000
,시범다은마을우남퍼스트빌,84.4,2022-01,1,69500.0,69500,69500
,시범다은마을우남퍼스트빌,84.4,2023-02,1,53000.0,53000,53000
,시범다은마을우남퍼스트빌,84.4,2023-03,1,53500.0,53500,53500
,시범다은마을우남퍼스트빌,84.4,2023-05,1,55000.0,55000,55000
,시범다은마을우남퍼스트빌,84.4,2023-06,2,53400.0,52000,54800
,시범다은마을우남퍼스트빌,84.4,2023-09,1,65000.0,65000,65000
,시범다은마을우남퍼스트빌,84.4,2023-11,1,65000.0,65000,65000
,시범다은마을우남퍼스트빌,84.4,2024-04,1,62000.0,62000,62000
,시범다은마을우남퍼스트빌,84.4,2024-05,1,59500.0,59500,59500
,시범다은마을우남퍼스트빌,84.4,2024-07,3,62000.0,57500,66000
,시범다은마을우남퍼스트빌,84.4,2024-09,1,68000.0,68000,68000
,시범다은마을우남퍼스트빌,84.4,2025-03,1,64000.0,64000,64000
,시범다은마을우남퍼스트빌,84.4,2025-06,1,64700.0,64700,64700
,시범다은마을우남퍼스트빌,84.4,2025-11,4,61500.0,59000,70500
,시범다은마을우남퍼스트빌,84.4,2026-03,1,70800.0,70800,70800
,시범다은마을우남퍼스트빌,84.4,2026-04,2,73600.0,72500,74700
,시범다은마을우남퍼스트빌,84.4,2026-06,6,81850.0,71000,87000
,시범다은마을우남퍼스트빌,85.0,2020-01,4,46450.0,42500,49900
,시범다은마을우남퍼스트빌,85.0,2020-02,3,50500.0,38000,52000
,시범다은마을우남퍼스트빌,85.0,2020-03,2,52000.0,52000,52000
,시범다은마을우남퍼스트빌,85.0,2020-05,1,55500.0,55500,55500
,시범다은마을우남퍼스트빌,85.0,2020-06,4,53250.0,43000,56000
,시범다은마을우남퍼스트빌,85.0,2020-07,1,54000.0,54000,54000
,시범다은마을우남퍼스트빌,85.0,2020-10,1,57300.0,57300,57300
,시범다은마을우남퍼스트빌,85.0,2020-11,6,56300.0,53500,58400
,시범다은마을우남퍼스트빌,85.0,2020-12,3,62000.0,62000,66000
,시범다은마을우남퍼스트빌,85.0,2021-01,1,71000.0,71000,71000
,시범다은마을우남퍼스트빌,85.0,2021-07,2,75250.0,75000,75500
,시범다은마을우남퍼스트빌,85.0,2021-09,2,75000.0,75000,75000
,시범다은마을우남퍼스트빌,85.0,2022-01,1,70000.0,70000,70000
,시범다은마을우남퍼스트빌,85.0,2022-03,2,65500.0,65000,66000
,시범다은마을우남퍼스트빌,85.0,2022-04,1,65900.0,65900,65900
,시범다은마을우남퍼스트빌,85.0,2022-05,2,63500.0,62000,65000
,시범다은마을우남퍼스트빌,85.0,2022-06,3,62000.0,62000,63000
,시범다은마을우남퍼스트빌,85.0,2022-07,1,65500.0,65500,65500
,시범다은마을우남퍼스트빌,85.0,2023-01,1,56000.0,56000,56000
,시범다은마을우남퍼스트빌,85.0,2023-02,1,51900.0,51900,51900
,시범다은마을우남퍼스트빌,85.0,2023-03,1,54000.0,54000,54000
,시범다은마을우남퍼스트빌,85.0,2023-04,3,62000.0,54700,62000
,시범다은마을우남퍼스트빌,85.0,2023-06,1,57000.0,57000,57000
,시범다은마을우남퍼스트빌,85.0,2023-08,2,64500.0,61000,68000
,시범다은마을우남퍼스트빌,85.0,2023-11,1,64200.0,64200,64200
,시범다은마을우남퍼스트빌,85.0,2023-12,1,59000.0,59000,59000
,시범다은마을우남퍼스트빌,85.0,2024-01,1,62000.0,62000,62000
,시범다은마을우남퍼스트빌,85.0,2024-02,1,65000.0,65000,65000
,시범다은마을우남퍼스트빌,85.0,2024-03,3,61000.0,61000,61500
,시범다은마을우남퍼스트빌,85.0,2024-04,1,64800.0,64800,64800
,시범다은마을우남퍼스트빌,85.0,2024-05,1,63500.0,63500,63500
,시범다은마을우남퍼스트빌,85.0,2024-06,2,63500.0,62000,65000
,시범다은마을우남퍼스트빌,85.0,2024-08,1,69700.0,69700,69700
,시범다은마을우남퍼스트빌,85.0,2024-09,2,66000.0,64000,68000
,시범다은마을우남퍼스트빌,85.0,2024-11,1,68500.0,68500,68500
,시범다은마을우남퍼스트빌,85.0,2025-02,3,68000.0,68000,69500
,시범다은마을우남퍼스트빌,85.0,2025-03,2,64750.0,63500,66000
,시범다은마을우남퍼스트빌,85.0,2025-04,1,69000.0,69000,69000
,시범다은마을우남퍼스트빌,85.0,2025-05,1,69000.0,69000,69000
,시범다은마을우남퍼스트빌,85.0,2025-06,2,65350.0,65000,65700
,시범다은마을우남퍼스트빌,85.0,2025-07,1,62900.0,62900,62900
,시범다은마을우남퍼스트빌,85.0,2025-10,1,72500.0,72500,72500
,시범다은마을우남퍼스트빌,85.0,2025-11,5,66000.0,64500,70000
,시범다은마을우남퍼스트빌,85.0,2025-12,4,68150.0,66500,70000
,시범다은마을우남퍼스트빌,85.0,2026-01,3,68000.0,67000,69000
,시범다은마을우남퍼스트빌,85.0,2026-02,2,68750.0,68000,69500
,시범다은마을우남퍼스트빌,85.0,2026-03,1,74400.0,74400,74400
,시범다은마을우남퍼스트빌,85.0,2026-04,2,70000.0,69000,71000
,시범다은마을우남퍼스트빌,85.0,2026-05,2,68900.0,66000,71800
,시범다은마을우남퍼스트빌,85.0,2026-06,3,75000.0,70000,75900
,시범반도유보라아이비파크4.0,84.6,2020-01,2,76150.0,73600,78700
,시범반도유보라아이비파크4.0,84.6,2020-02,1,80500.0,80500,80500
,시범반도유보라아이비파크4.0,84.6,2020-06,1,84800.0,84800,84800
,시범반도유보라아이비파크4.0,84.6,2020-11,1,98000.0,98000,98000
,시범반도유보라아이비파크4.0,84.6,2020-12,2,102250.0,100000,104500
,시범반도유보라아이비파크4.0,84.6,2021-02,1,102600.0,102600,102600
,시범반도유보라아이비파크4.0,84.6,2021-08,1,119300.0,119300,119300
,시범반도유보라아이비파크4.0,84.6,2022-01,1,102900.0,102900,102900
,시범반도유보라아이비파크4.0,84.6,2022-02,1,97000.0,97000,97000
,시범반도유보라아이비파크4.0,84.6,2022-05,1,96500.0,96500,96500
,시범반도유보라아이비파크4.0,84.6,2022-10,1,82000.0,82000,82000
,시범반도유보라아이비파크4.0,84.6,2023-01,2,81700.0,79400,84000
,시범반도유보라아이비파크4.0,84.6,2023-04,1,92700.0,92700,92700
,시범반도유보라아이비파크4.0,84.6,2023-07,1,94000.0,94000,94000
,시범반도유보라아이비파크4.0,84.6,2023-08,1,101800.0,101800,101800
,시범반도유보라아이비파크4.0,84.6,2023-11,1,100400.0,100400,100400
,시범반도유보라아이비파크4.0,84.6,2024-02,1,93000.0,93000,93000
,시범반도유보라아이비파크4.0,84.6,2024-03,1,96500.0,96500,96500
,시범반도유보라아이비파크4.0,84.6,2024-07,2,101250.0,99000,103500
,시범반도유보라아이비파크4.0,84.6,2024-08,1,101000.0,101000,101000
,시범반도유보라아이비파크4.0,84.6,2024-09,1,102000.0,102000,102000
,시범반도유보라아이비파크4.0,84.6,2025-03,2,102500.0,102000,103000
,시범반도유보라아이비파크4.0,84.6,2025-04,2,102100.0,102000,102200
,시범반도유보라아이비파크4.0,84.6,2025-06,2,99900.0,95500,104300
,시범반도유보라아이비파크4.0,84.6,2025-10,1,107000.0,107000,107000
,시범반도유보라아이비파크4.0,84.6,2025-11,1,111500.0,111500,111500
,시범반도유보라아이비파크4.0,84.6,2026-03,1,114700.0,114700,114700
,시범반도유보라아이비파크4.0,84.6,2026-04,1,120000.0,120000,120000
,시범반도유보라아이비파크4.0,84.6,2026-05,1,130000.0,130000,130000
,시범반도유보라아이비파크4.0,84.6,2026-06,1,140000.0,140000,140000
,시범반도유보라아이비파크4.0,84.8,2020-02,2,79750.0,78000,81500
,시범반도유보라아이비파크4.0,84.8,2020-06,1,83500.0,83500,83500
,시범반도유보라아이비파크4.0,84.8,2020-07,2,87650.0,85300,90000
,시범반도유보라아이비파크4.0,84.8,2020-08,3,91000.0,87000,92000
,시범반도유보라아이비파크4.0,84.8,2020-11,2,99000.0,98000,100000
,시범반도유보라아이비파크4.0,84.8,2021-04,1,100500.0,100500,100500
,시범반도유보라아이비파크4.0,84.8,2021-05,1,107000.0,107000,107000
,시범반도유보라아이비파크4.0,84.8,2021-06,1,108000.0,108000,108000
,시범반도유보라아이비파크4.0,84.8,2021-07,1,110000.0,110000,110000
,시범반도유보라아이비파크4.0,84.8,2021-08,1,119000.0,119000,119000
,시범반도유보라아이비파크4.0,84.8,2022-03,1,97000.0,97000,97000
,시범반도유보라아이비파크4.0,84.8,2022-04,1,97000.0,97000,97000
,시범반도유보라아이비파크4.0,84.8,2022-09,1,120000.0,120000,120000
,시범반도유보라아이비파크4.0,84.8,2022-11,2,76500.0,74000,79000
,시범반도유보라아이비파크4.0,84.8,2023-01,4,76000.0,75500,78000
,시범반도유보라아이비파크4.0,84.8,2023-06,1,96800.0,96800,96800
,시범반도유보라아이비파크4.0,84.8,2023-09,1,97900.0,97900,97900
,시범반도유보라아이비파크4.0,84.8,2023-10,1,99400.0,99400,99400
,시범반도유보라아이비파크4.0,84.8,2024-09,1,100500.0,100500,100500
,시범반도유보라아이비파크4.0,84.8,2024-11,1,102500.0,102500,102500
,시범반도유보라아이비파크4.0,84.8,2025-03,1,103000.0,103000,103000
,시범반도유보라아이비파크4.0,84.8,2025-04,1,97500.0,97500,97500
,시범반도유보라아이비파크4.0,84.8,2025-06,3,104000.0,103800,105000
,시범반도유보라아이비파크4.0,84.8,2025-10,1,107000.0,107000,107000
,시범반도유보라아이비파크4.0,84.8,2025-11,2,113350.0,110700,116000
,시범반도유보라아이비파크4.0,84.8,2026-01,1,118000.0,118000,118000
,시범반도유보라아이비파크4.0,84.8,2026-03,1,120000.0,120000,120000
,시범반도유보라아이비파크4.0,84.8,2026-05,1,117500.0,117500,117500
,시범반도유보라아이비파크4.0,84.8,2026-06,4,150000.0,135000,159000
,시범반도유보라아이비파크4.0,85.0,2020-01,3,77000.0,76800,78500
,시범반도유보라아이비파크4.0,85.0,2020-02,5,83250.0,78800,84000
,시범반도유보라아이비파크4.0,85.0,2020-04,1,78500.0,78500,78500
,시범반도유보라아이비파크4.0,85.0,2020-06,2,81100.0,78200,84000
,시범반도유보라아이비파크4.0,85.0,2020-07,6,84700.0,83000,90000
,시범반도유보라아이비파크4.0,85.0,2020-09,1,94100.0,94100,94100
,시범반도유보라아이비파크4.0,85.0,2020-10,2,94750.0,94500,95000
,시범반도유보라아이비파크4.0,85.0,2020-11,3,98300.0,92400,99000
,시범반도유보라아이비파크4.0,85.0,2020-12,3,99500.0,98500,99800
,시범반도유보라아이비파크4.0,85.0,2021-02,2,106000.0,104500,107500
,시범반도유보라아이비파크4.0,85.0,2021-04,1,108000.0,108000,108000
,시범반도유보라아이비파크4.0,85.0,2021-06,1,108000.0,108000,108000
,시범반도유보라아이비파크4.0,85.0,2021-07,1,107000.0,107000,107000
,시범반도유보라아이비파크4.0,85.0,2021-08,2,122500.0,120000,125000
,시범반도유보라아이비파크4.0,85.0,2021-09,2,116750.0,113500,120000
,시범반도유보라아이비파크4.0,85.0,2021-10,1,120000.0,120000,120000
,시범반도유보라아이비파크4.0,85.0,2021-11,2,120000.0,119000,121000
,시범반도유보라아이비파크4.0,85.0,2021-12,1,100000.0,100000,100000
,시범반도유보라아이비파크4.0,85.0,2022-02,2,102500.0,90000,115000
,시범반도유보라아이비파크4.0,85.0,2022-04,1,88300.0,88300,88300
,시범반도유보라아이비파크4.0,85.0,2022-05,3,98000.0,95000,104500
,시범반도유보라아이비파크4.0,85.0,2022-06,1,102000.0,102000,102000
,시범반도유보라아이비파크4.0,85.0,2022-07,1,96000.0,96000,96000
,시범반도유보라아이비파크4.0,85.0,2022-11,1,78000.0,78000,78000
,시범반도유보라아이비파크4.0,85.0,2022-12,1,79000.0,79000,79000
,시범반도유보라아이비파크4.0,85.0,2023-01,1,76700.0,76700,76700
,시범반도유보라아이비파크4.0,85.0,2023-02,1,86000.0,86000,86000
,시범반도유보라아이비파크4.0,85.0,2023-03,1,88500.0,88500,88500
,시범반도유보라아이비파크4.0,85.0,2023-04,1,94000.0,94000,94000
,시범반도유보라아이비파크4.0,85.0,2023-05,5,91500.0,83000,92500
,시범반도유보라아이비파크4.0,85.0,2023-07,1,94900.0,94900,94900
,시범반도유보라아이비파크4.0,85.0,2023-08,2,100500.0,99000,102000
,시범반도유보라아이비파크4.0,85.0,2023-09,1,100000.0,100000,100000
,시범반도유보라아이비파크4.0,85.0,2024-01,1,94700.0,94700,94700
,시범반도유보라아이비파크4.0,85.0,2024-04,2,93500.0,93000,94000
,시범반도유보라아이비파크4.0,85.0,2024-05,2,96800.0,94000,99600
,시범반도유보라아이비파크4.0,85.0,2024-06,3,95000.0,94000,97500
,시범반도유보라아이비파크4.0,85.0,2024-07,4,99400.0,93000,100000
,시범반도유보라아이비파크4.0,85.0,2024-08,2,96500.0,95000,98000
,시범반도유보라아이비파크4.0,85.0,2024-09,2,99000.0,97000,101000
,시범반도유보라아이비파크4.0,85.0,2024-10,1,98700.0,98700,98700
,시범반도유보라아이비파크4.0,85.0,2024-11,2,100250.0,98500,102000
,시범반도유보라아이비파크4.0,85.0,2024-12,1,99000.0,99000,99000
,시범반도유보라아이비파크4.0,85.0,2025-01,2,100250.0,98000,102500
,시범반도유보라아이비파크4.0,85.0,2025-02,3,102000.0,101500,107000
,시범반도유보라아이비파크4.0,85.0,2025-03,1,98000.0,98000,98000
,시범반도유보라아이비파크4.0,85.0,2025-05,2,103650.0,103000,104300
,시범반도유보라아이비파크4.0,85.0,2025-06,6,102250.0,97800,104500
,시범반도유보라아이비파크4.0,85.0,2025-09,4,101350.0,90000,105000
,시범반도유보라아이비파크4.0,85.0,2025-10,5,105000.0,104500,109000
,시범반도유보라아이비파크4.0,85.0,2025-11,2,110500.0,108000,113000
,시범반도유보라아이비파크4.0,85.0,2025-12,2,113900.0,112000,115800
,시범반도유보라아이비파크4.0,85.0,2026-01,3,112000.0,111000,119500
,시범반도유보라아이비파크4.0,85.0,2026-02,2,114500.0,113500,115500
,시범반도유보라아이비파크4.0,85.0,2026-05,7,120000.0,113000,122700
,시범반도유보라아이비파크4.0,85.0,2026-06,5,140500.0,135000,149700
,시범반도유보라아이비파크4.0,96.7,2020-01,4,86200.0,81000,89000
,시범반도유보라아이비파크4.0,96.7,2020-02,2,88500.0,86500,90500
,시범반도유보라아이비파크4.0,96.7,2020-03,2,88000.0,87000,89000
,시범반도유보라아이비파크4.0,96.7,2020-04,2,89250.0,89000,89500
,시범반도유보라아이비파크4.0,96.7,2020-05,1,86700.0,86700,86700
,시범반도유보라아이비파크4.0,96.7,2020-06,4,93450.0,87000,94800
,시범반도유보라아이비파크4.0,96.7,2020-07,3,95000.0,88800,96000
,시범반도유보라아이비파크4.0,96.7,2020-08,2,100000.0,95000,105000
,시범반도유보라아이비파크4.0,96.7,2020-09,1,109500.0,109500,109500
,시범반도유보라아이비파크4.0,96.7,2020-12,1,111000.0,111000,111000
,시범반도유보라아이비파크4.0,96.7,2021-01,2,124000.0,124000,124000
,시범반도유보라아이비파크4.0,96.7,2021-02,2,127500.0,124000,131000
,시범반도유보라아이비파크4.0,96.7,2021-03,2,134400.0,134000,134800
,시범반도유보라아이비파크4.0,96.7,2021-08,2,135500.0,133500,137500
,시범반도유보라아이비파크4.0,96.7,2021-09,1,142000.0,142000,142000
,시범반도유보라아이비파크4.0,96.7,2021-10,4,129500.0,127500,135000
,시범반도유보라아이비파크4.0,96.7,2022-02,3,127000.0,125000,127000
,시범반도유보라아이비파크4.0,96.7,2022-06,2,114500.0,110000,119000
,시범반도유보라아이비파크4.0,96.7,2022-11,2,92000.0,92000,92000
,시범반도유보라아이비파크4.0,96.7,2022-12,1,92000.0,92000,92000
,시범반도유보라아이비파크4.0,96.7,2023-01,1,95000.0,95000,95000
,시범반도유보라아이비파크4.0,96.7,2023-02,1,96800.0,96800,96800
,시범반도유보라아이비파크4.0,96.7,2023-05,2,84250.0,61000,107500
,시범반도유보라아이비파크4.0,96.7,2023-06,3,113000.0,107000,113800
,시범반도유보라아이비파크4.0,96.7,2023-12,1,117800.0,117800,117800
,시범반도유보라아이비파크4.0,96.7,2024-04,1,107000.0,107000,107000
,시범반도유보라아이비파크4.0,96.7,2024-05,2,111750.0,110500,113000
,시범반도유보라아이비파크4.0,96.7,2024-06,1,108000.0,108000,108000
,시범반도유보라아이비파크4.0,96.7,2024-07,3,111000.0,111000,114000
,시범반도유보라아이비파크4.0,96.7,2024-08,2,113500.0,113000,114000
,시범반도유보라아이비파크4.0,96.7,2024-10,2,113500.0,111000,116000
,시범반도유보라아이비파크4.0,96.7,2024-12,1,110000.0,110000,110000
,시범반도유보라아이비파크4.0,96.7,2025-01,1,109500.0,109500,109500
,시범반도유보라아이비파크4.0,96.7,2025-02,3,111000.0,108500,115000
,시범반도유보라아이비파크4.0,96.7,2025-03,3,112000.0,111700,113000
,시범반도유보라아이비파크4.0,96.7,2025-04,1,109000.0,109000,109000
,시범반도유보라아이비파크4.0,96.7,2025-05,1,108000.0,108000,108000
,시범반도유보라아이비파크4.0,96.7,2025-06,4,117100.0,115000,118900
,시범반도유보라아이비파크4.0,96.7,2025-08,1,114200.0,114200,114200
,시범반도유보라아이비파크4.0,96.7,2025-09,1,104000.0,104000,104000
,시범반도유보라아이비파크4.0,96.7,2025-10,5,112500.0,111500,120000
,시범반도유보라아이비파크4.0,96.7,2025-11,3,120000.0,119000,124000
,시범반도유보라아이비파크4.0,96.7,2025-12,2,126500.0,123000,130000
,시범반도유보라아이비파크4.0,96.7,2026-01,5,127000.0,119700,132000
,시범반도유보라아이비파크4.0,96.7,2026-02,1,121000.0,121000,121000
,시범반도유보라아이비파크4.0,96.7,2026-03,3,129000.0,124700,132500
,시범반도유보라아이비파크4.0,96.7,2026-04,2,126250.0,125000,127500
,시범반도유보라아이비파크4.0,96.7,2026-05,11,134000.0,120000,140000
,시범반도유보라아이비파크4.0,96.7,2026-06,5,150000.0,146000,163000
